Workbook

Sheet SAP
A1: Анализ данных, кг нефтепродуктов | F1: Данные из бухгалтерского учета SAP
A2: Общий вес продукта согласно выписанной накладной (суммы масс по каждому отсеку автоцистерны- колонка Х) | B2: Фактическая масса с данных весов | C2: Разница между фактическим весом и расчетным весом (Плотность*Объем) указаным в отчете софта весов | D2: Обратный расчет расчетной массы из данных талона на погрузку. Данные на основе которых выписываеться накладная и данные которые должны вводиться в софт весов в колонку 'K' рубрика 'Разница' | E2: Колонка C-D, при отсутствия манипуляций результат равен нулю | F2: Truck Number | G2: Loading Date | H2: Gas Station Number (destination place) | I2: Product density | J2: SAP Product Code | K2: Fuel Type | L2: SAP Company Code (MD18 Rompetrol Moldova) | M2: Loading place | N2: Loading Quantity - Litres | O2: Loading Quantity - Litres 15/20 Degree | P2: Loading Quantity - Kg (Invoced mass) | Q2: Fuel Temperature C | R2: Transport Company | S2: Driver Name | T2: Year
A4: =P4+P5+P6 -> 24343.947 | B4: ='Весы 01.11.2023'!I58 -> 24300 | C4: ='Весы 01.11.2023'!K59 -> -41 | D4: =B4-C4 -> 24341 | E4: =A4-D4 -> 2.947 | F4: SDZ578 / V193LG | G4: 45231 | H4: M076 | I4: 745 | J4: 31EPS10B00 | K4: EURO PLUS GASOLINE | L4: MD18 | M4: Depozit Chisinau | N4: 15410 | O4: 15391.323 | P4: 11480.446 | Q4: 16,00 | R4: Andezit SRL | S4: Popa S. | T4: 2023
F5: SDZ578 / V193LG | G5: 45231 | H5: M076 | I5: 834,50 | J5: 33EFX10B00 | K5: 51 EFIX DIESEL | L5: MD18 | M5: Depozit Chisinau | N5: 7695 | O5: 7688.436 | P5: 6421.477 | Q5: 16,00 | R5: Andezit SRL | S5: Popa S. | T5: 2023
F6: SDZ578 / V193LG | G6: 45231 | H6: M076 | I6: 835,00 | J6: 33ME510000 | K6: EURO 5 DIESEL | L6: MD18 | M6: Depozit Chisinau | N6: 7715 | O6: 7708.427 | P6: 6442.024 | Q6: 16,00 | R6: Andezit SRL | S6: Popa S. | T6: 2023
A7: =P7+P8 -> 26728.347 | B7: ='Весы 01.11.2023'!I57 -> 26710 | C7: ='Весы 01.11.2023'!K57 -> -18 | D7: =B7-C7 -> 26728 | E7: =A7-D7 -> 0.347 | F7: RTL069 / I870WW | G7: 45231 | H7: M073 | I7: 835,00 | J7: 33ME510000 | K7: EURO 5 DIESEL | L7: MD18 | M7: Depozit Chisinau | N7: 20010 | O7: 19992.951 | P7: 16708.348 | Q7: 16,00 | R7: Vero Nadina SRL | S7: Cobzac A. | T7: 2023
F8: RTL069 / I870WW | G8: 45231 | H8: M043 | I8: 835,00 | J8: 33ME510000 | K8: EURO 5 DIESEL | L8: MD18 | M8: Depozit Chisinau | N8: 12000 | O8: 11989.776 | P8: 10019.999 | Q8: 16,00 | R8: Vero Nadina SRL | S8: Cobzac A. | T8: 2023
A9: =P9+P10+P11 -> 26503 | B9: ='Весы 01.11.2023'!I50 -> 26460 | C9: ='Весы 01.11.2023'!K50 -> -43 | D9: =B9-C9 -> 26503 | E9: =A9-D9 -> 0 | F9: SPK940 / NSAB055 | G9: 45231 | H9: M085 | I9: 744,00 | J9: 31EPS10B00 | K9: EURO PLUS GASOLINE | L9: MD18 | M9: Depozit Chisinau | N9: 11000 | O9: 11000 | P9: 8184 | Q9: 15,00 | R9: Vero Nadina SRL | S9: Frunze M. | T9: 2023
F10: SPK940 / NSAB055 | G10: 45231 | H10: M085 | I10: 830,50 | J10: 33EFX10B00 | K10: 51 EFIX DIESEL | L10: MD18 | M10: Depozit Chisinau | N10: 6000 | O10: 6000 | P10: 4983 | Q10: 15,00 | R10: Vero Nadina SRL | S10: Frunze M. | T10: 2023
F11: SPK940 / NSAB055 | G11: 45231 | H11: M085 | I11: 833,50 | J11: 33ME510000 | K11: EURO 5 DIESEL | L11: MD18 | M11: Depozit Chisinau | N11: 16000 | O11: 16000 | P11: 13336 | Q11: 15,00 | R11: Vero Nadina SRL | S11: Frunze M. | T11: 2023
A12: =P12+P13 -> 24835.45 | B12: ='Весы 01.11.2023'!I49 -> 24780 | C12: ='Весы 01.11.2023'!K49 -> -55 | D12: =B12-C12 -> 24835 | E12: =A12-D12 -> 0.45 | F12: FGT903 / A331AB | G12: 45231 | H12: M088 | I12: 744,50 | J12: 31EPS10B00 | K12: EURO PLUS GASOLINE | L12: MD18 | M12: Depozit Chisinau | N12: 10100 | O12: 10100 | P12: 7519.45 | Q12: 15,00 | R12: Vero Nadina SRL | S12: Capatina G. | T12: 2023
F13: FGT903 / A331AB | G13: 45231 | H13: M088 | I13: 832,50 | J13: 33ME510000 | K13: EURO 5 DIESEL | L13: MD18 | M13: Depozit Chisinau | N13: 20800 | O13: 20782.174 | P13: 17316 | Q13: 16,00 | R13: Vero Nadina SRL | S13: Capatina G. | T13: 2023
A14: =P14+P15 -> 25595.758 | B14: ='Весы 01.11.2023'!I54 -> 25570 | C14: ='Весы 01.11.2023'!K54 -> -26 | D14: =B14-C14 -> 25596 | E14: =A14-D14 -> -0.242 | F14: LUQ250 / NSAB041 | G14: 45231 | H14: M034 | I14: 744,50 | J14: 31EPS10B00 | K14: EURO PLUS GASOLINE | L14: MD18 | M14: Depozit Chisinau | N14: 12895 | O14: 12895 | P14: 9600.328 | Q14: 15,00 | R14: Vero Nadina SRL | S14: Postolache V. | T14: 2023
F15: LUQ250 / NSAB041 | G15: 45231 | H15: M034 | I15: 830,50 | J15: 33ME510000 | K15: EURO 5 DIESEL | L15: MD18 | M15: Depozit Chisinau | N15: 19260 | O15: 19260 | P15: 15995.43 | Q15: 15,00 | R15: Vero Nadina SRL | S15: Postolache V. | T15: 2023
A16: =P16+P17 -> 24381.381 | B16: ='Весы 01.11.2023'!I59 -> 24340 | C16: ='Весы 01.11.2023'!K59 -> -41 | D16: =B16-C16 -> 24381 | E16: =A16-D16 -> 0.381 | F16: RTL067 / NSAA982 | G16: 45231 | H16: M006 | I16: 745,00 | J16: 31EPS10B00 | K16: EURO PLUS GASOLINE | L16: MD18 | M16: Depozit Chisinau | N16: 18585 | O16: 18562.475 | P16: 13845.82 | Q16: 16,00 | R16: Vero Nadina SRL | S16: Batog S. | T16: 2023
F17: RTL067 / NSAA982 | G17: 45231 | H17: M006 | I17: 834,50 | J17: 33EFX10B00 | K17: 51 EFIX DIESEL | L17: MD18 | M17: Depozit Chisinau | N17: 12625 | O17: 12614.231 | P17: 10535.561 | Q17: 16,00 | R17: Vero Nadina SRL | S17: Batog S. | T17: 2023
A18: =P18+P19+P20+P21 -> 26030.264 | B18: ='Весы 01.11.2023'!I66 -> 25990 | C18: ='Весы 01.11.2023'!K66 -> -40 | D18: =B18-C18 -> 26030 | E18: =A18-D18 -> 0.264 | F18: ZGO801 / I175WW | G18: 45231 | H18: M031 | I18: 746,50 | J18: 31EFX10B00 | K18: EFIX 95 GASOLINE | L18: MD18 | M18: Depozit Chisinau | N18: 4700 | O18: 4700 | P18: 3508.55 | Q18: 15,00 | R18: Vero Nadina SRL | S18: Drapac S. | T18: 2023
F19: ZGO801 / I175WW | G19: 45231 | H19: M031 | I19: 745,00 | J19: 31EPS10B00 | K19: EURO PLUS GASOLINE | L19: MD18 | M19: Depozit Chisinau | N19: 9850 | O19: 9838.062 | P19: 7338.247 | Q19: 16,00 | R19: Vero Nadina SRL | S19: Drapac S. | T19: 2023
F20: ZGO801 / I175WW | G20: 45231 | H20: M031 | I20: 835,00 | J20: 33EFX10B00 | K20: 51 EFIX DIESEL | L20: MD18 | M20: Depozit Chisinau | N20: 6020 | O20: 6014.871 | P20: 5026.699 | Q20: 16,00 | R20: Vero Nadina SRL | S20: Drapac S. | T20: 2023
F21: ZGO801 / I175WW | G21: 45231 | H21: M031 | I21: 831,50 | J21: 33ME510000 | K21: EURO 5 DIESEL | L21: MD18 | M21: Depozit Chisinau | N21: 12215 | O21: 12194.039 | P21: 10156.768 | Q21: 17,00 | R21: Vero Nadina SRL | S21: Drapac S. | T21: 2023
A22: =P22+P23+P24 -> 26056.662 | B22: ='Весы 01.11.2023'!I56 -> 26030 | C22: ='Весы 01.11.2023'!K56 -> -27 | D22: =B22-C22 -> 26057 | E22: =A22-D22 -> -0.338 | F22: AAB014 / A014AB | G22: 45231 | H22: M062 | I22: 744,50 | J22: 31EPS10B00 | K22: EURO PLUS GASOLINE | L22: MD18 | M22: Depozit Chisinau | N22: 6980 | O22: 6971.533 | P22: 5196.609 | Q22: 16,00 | R22: Andezit SRL | S22: Cioban V. | T22: 2023
F23: AAB014 / A014AB | G23: 45231 | H23: M062 | I23: 835,50 | J23: 33EFX10B00 | K23: 51 EFIX DIESEL | L23: MD18 | M23: Depozit Chisinau | N23: 6705 | O23: 6699.294 | P23: 5602.027 | Q23: 16,00 | R23: Andezit SRL | S23: Cioban V. | T23: 2023
F24: AAB014 / A014AB | G24: 45231 | H24: M062 | I24: 831,50 | J24: 33ME510000 | K24: EURO 5 DIESEL | L24: MD18 | M24: Depozit Chisinau | N24: 18350 | O24: 18334.237 | P24: 15258.026 | Q24: 16,00 | R24: Andezit SRL | S24: Cioban V. | T24: 2023
A25: =P25+P26+P27 -> 25016.652 | B25: ='Весы 01.11.2023'!I52 -> 24980 | C25: ='Весы 01.11.2023'!K52 -> -37 | D25: =B25-C25 -> 25017 | E25: =A25-D25 -> -0.348 | F25: CRV580 / X199XC | G25: 45231 | H25: M058 | I25: 831,00 | J25: 33ME510000 | K25: EURO 5 DIESEL | L25: MD18 | M25: Depozit Chisinau | N25: 16700 | O25: 16685.638 | P25: 13877.701 | Q25: 16,00 | R25: Andezit SRL | S25: Gusan I. | T25: 2023
F26: CRV580 / X199XC | G26: 45231 | H26: M058 | I26: 744,00 | J26: 31EPS10B00 | K26: EURO PLUS GASOLINE | L26: MD18 | M26: Depozit Chisinau | N26: 9700 | O26: 9688.224 | P26: 7216.801 | Q26: 16,00 | R26: Andezit SRL | S26: Gusan I. | T26: 2023
F27: CRV580 / X199XC | G27: 45231 | H27: M058 | I27: 834,50 | J27: 33EFX10B00 | K27: 51 EFIX DIESEL | L27: MD18 | M27: Depozit Chisinau | N27: 4700 | O27: 4695.991 | P27: 3922.15 | Q27: 16,00 | R27: Andezit SRL | S27: Gusan I. | T27: 2023
A28: =P28+P29+P30 -> 25208.343 | B28: ='Весы 01.11.2023'!I53 -> 25160 | C28: ='Весы 01.11.2023'!K53 -> -48 | D28: =B28-C28 -> 25208 | E28: =A28-D28 -> 0.343 | F28: KBC073 / A012AB | G28: 45231 | H28: M100 | I28: 749,00 | J28: 31EFX10B00 | K28: EFIX 95 GASOLINE | L28: MD18 | M28: Depozit Chisinau | N28: 4380 | O28: 4395.886 | P28: 3280.621 | Q28: 12,00 | R28: Andezit SRL | S28: Puiu V. | T28: 2023
F29: KBC073 / A012AB | G29: 45231 | H29: M100 | I29: 744,00 | J29: 31EPS10B00 | K29: EURO PLUS GASOLINE | L29: MD18 | M29: Depozit Chisinau | N29: 13925 | O29: 13908.095 | P29: 10360.201 | Q29: 16,00 | R29: Andezit SRL | S29: Puiu V. | T29: 2023
F30: KBC073 / A012AB | G30: 45231 | H30: M100 | I30: 831,00 | J30: 33ME510000 | K30: EURO 5 DIESEL | L30: MD18 | M30: Depozit Chisinau | N30: 13920 | O30: 13908.029 | P30: 11567.521 | Q30: 16,00 | R30: Andezit SRL | S30: Puiu V. | T30: 2023
A31: =P31+P32+P33 -> 25001.678 | B31: ='Весы 01.11.2023'!I60 -> 24970 | C31: ='Весы 01.11.2023'!K60 -> -32 | D31: =B31-C31 -> 25002 | E31: =A31-D31 -> -0.322 | F31: CRV530 / V189LG | G31: 45231 | H31: M029 | I31: 744,50 | J31: 31EPS10B00 | K31: EURO PLUS GASOLINE | L31: MD18 | M31: Depozit Chisinau | N31: 7670 | O31: 7660.696 | P31: 5710.314 | Q31: 16,00 | R31: Andezit SRL | S31: Brodescu A. | T31: 2023
F32: CRV530 / V189LG | G32: 45231 | H32: M029 | I32: 835,00 | J32: 33EFX10B00 | K32: 51 EFIX DIESEL | L32: MD18 | M32: Depozit Chisinau | N32: 7695 | O32: 7688.444 | P32: 6425.324 | Q32: 16,00 | R32: Andezit SRL | S32: Brodescu A. | T32: 2023
F33: CRV530 / V189LG | G33: 45231 | H33: M029 | I33: 836,00 | J33: 33ME510000 | K33: EURO 5 DIESEL | L33: MD18 | M33: Depozit Chisinau | N33: 15390 | O33: 15390 | P33: 12866.04 | Q33: 15,00 | R33: Andezit SRL | S33: Brodescu A. | T33: 2023
A34: =SUM(P34:P36) -> 25570.621 | B34: ='Весы 01.11.2023'!I62 -> 25540 | C34: ='Весы 01.11.2023'!K62 -> -31 | D34: =B34-C34 -> 25571 | E34: =A34-D34 -> -0.379 | F34: AAK103 / V203LG | G34: 45231 | H34: M081 | I34: 835,00 | J34: 33EFX10B00 | K34: 51 EFIX DIESEL | L34: MD18 | M34: Depozit Chisinau | N34: 7700 | O34: 7693.44 | P34: 6429.499 | Q34: 16,00 | R34: Andezit SRL | S34: Casap A. | T34: 2023
F35: AAK103 / V203LG | G35: 45231 | H35: M081 | I35: 831,50 | J35: 33ME510000 | K35: EURO 5 DIESEL | L35: MD18 | M35: Depozit Chisinau | N35: 15355 | O35: 15328.651 | P35: 12767.677 | Q35: 17,00 | R35: Andezit SRL | S35: Casap A. | T35: 2023
F36: AAK103 / V203LG | G36: 45231 | H36: M079 | I36: 831,50 | J36: 33ME510000 | K36: EURO 5 DIESEL | L36: MD18 | M36: Depozit Chisinau | N36: 7665 | O36: 7651.847 | P36: 6373.445 | Q36: 17,00 | R36: Andezit SRL | S36: Casap A. | T36: 2023
A37: =P37+P38 -> 19417.965 | B37: ='Весы 01.11.2023'!I51 -> 19400 | C37: ='Весы 01.11.2023'!K51 -> -18 | D37: =B37-C37 -> 19418 | E37: =A37-D37 -> -0.035 | F37: NSAR887 / | G37: 45231 | H37: M099 | I37: 833,00 | J37: 33ME510000 | K37: EURO 5 DIESEL | L37: MD18 | M37: Depozit Chisinau | N37: 16965 | O37: 16965 | P37: 14131.845 | Q37: 15,00 | R37: Vero Nadina SRL | S37: Secrieru N. | T37: 2023
F38: NSAR887 / | G38: 45231 | H38: M099 | I38: 744,00 | J38: 31EPS10B00 | K38: EURO PLUS GASOLINE | L38: MD18 | M38: Depozit Chisinau | N38: 7105 | O38: 7105 | P38: 5286.12 | Q38: 15,00 | R38: Vero Nadina SRL | S38: Secrieru N. | T38: 2023
A39: =P39+P40+P41+P42 -> 26575.253 | B39: ='Весы 01.11.2023'!I55 -> 26530 | C39: ='Весы 01.11.2023'!K55 -> -45 | D39: =B39-C39 -> 26575 | E39: =A39-D39 -> 0.253 | F39: NSAL703 / I854WW | G39: 45231 | H39: M089 | I39: 746,50 | J39: 31EFX10B00 | K39: EFIX 95 GASOLINE | L39: MD18 | M39: Depozit Chisinau | N39: 5000 | O39: 5006.06 | P39: 3732.502 | Q39: 14,00 | R39: Vero Nadina SRL | S39: Zghibart V. | T39: 2023
F40: NSAL703 / I854WW | G40: 45231 | H40: M089 | I40: 835,50 | J40: 33EFX10B00 | K40: 51 EFIX DIESEL | L40: MD18 | M40: Depozit Chisinau | N40: 6500 | O40: 6494.468 | P40: 5430.749 | Q40: 16,00 | R40: Vero Nadina SRL | S40: Zghibart V. | T40: 2023
F41: NSAL703 / I854WW | G41: 45231 | H41: M089 | I41: 831,00 | J41: 33ME510000 | K41: EURO 5 DIESEL | L41: MD18 | M41: Depozit Chisinau | N41: 12000 | O41: 11989.68 | P41: 9972.001 | Q41: 16,00 | R41: Vero Nadina SRL | S41: Zghibart V. | T41: 2023
F42: NSAL703 / I854WW | G42: 45231 | H42: M089 | I42: 744,00 | J42: 31EPS10B00 | K42: EURO PLUS GASOLINE | L42: MD18 | M42: Depozit Chisinau | N42: 10000 | O42: 9987.86 | P42: 7440.001 | Q42: 16,00 | R42: Vero Nadina SRL | S42: Zghibart V. | T42: 2023
A43: =P43 -> 26401 | B43: прямая поставка на АЗС минуя Депо | F43: NWX833 / Z282PT | G43: 45231 | H43: M072 | I43: 840,00 | J43: 33ME510000 | K43: EURO 5 DIESEL | L43: MD18 | M43: Depozit Chisinau | N43: 31430 | O43: 31456.558 | P43: 26401 | Q43: 14,00 | R43: Vero Nadina SRL | S43: Grosu V. | T43: 2023
A44: =P44+P45+P46 -> 25022.895 | B44: ='Весы 01.11.2023'!I72 -> 24990 | C44: ='Весы 01.11.2023'!K72 -> -33 | D44: =B44-C44 -> 25023 | E44: =A44-D44 -> -0.105 | F44: SDZ578 / V193LG | G44: 45231 | H44: M065 | I44: 744,50 | J44: 31EFX10B00 | K44: EFIX 95 GASOLINE | L44: MD18 | M44: Depozit Chisinau | N44: 7695 | O44: 7685.666 | P44: 5728.927 | Q44: 16,00 | R44: Andezit SRL | S44: Popa S. | T44: 2023
F45: SDZ578 / V193LG | G45: 45231 | H45: M065 | I45: 835,00 | J45: 33EFX10B00 | K45: 51 EFIX DIESEL | L45: MD18 | M45: Depozit Chisinau | N45: 7715 | O45: 7708.427 | P45: 6442.024 | Q45: 16,00 | R45: Andezit SRL | S45: Popa S. | T45: 2023
F46: SDZ578 / V193LG | G46: 45231 | H46: M065 | I46: 834,00 | J46: 33ME510000 | K46: EURO 5 DIESEL | L46: MD18 | M46: Depozit Chisinau | N46: 15410 | O46: 15383.726 | P46: 12851.944 | Q46: 17,00 | R46: Andezit SRL | S46: Popa S. | T46: 2023
A47: =P47+P48+P49 -> 25063.107 | B47: ='Весы 01.11.2023'!I69 -> 25030 | C47: ='Весы 01.11.2023'!K69 -> -33 | D47: =B47-C47 -> 25063 | E47: =A47-D47 -> 0.107 | F47: CRV580 / X199XC | G47: 45231 | H47: M094 | I47: 744,00 | J47: 31EPS10B00 | K47: EURO PLUS GASOLINE | L47: MD18 | M47: Depozit Chisinau | N47: 9700 | O47: 9688.224 | P47: 7216.801 | Q47: 16,00 | R47: Andezit SRL | S47: Gusan I. | T47: 2023
F48: CRV580 / X199XC | G48: 45231 | H48: M094 | I48: 835,50 | J48: 33EFX10B00 | K48: 51 EFIX DIESEL | L48: MD18 | M48: Depozit Chisinau | N48: 4700 | O48: 4692.015 | P48: 3926.851 | Q48: 17,00 | R48: Andezit SRL | S48: Gusan I. | T48: 2023
F49: CRV580 / X199XC | G49: 45231 | H49: M094 | I49: 833,50 | J49: 33ME510000 | K49: EURO 5 DIESEL | L49: MD18 | M49: Depozit Chisinau | N49: 16700 | O49: 16671.493 | P49: 13919.455 | Q49: 17,00 | R49: Andezit SRL | S49: Gusan I. | T49: 2023
A50: =P50+P51+P52 -> 25877.675 | B50: ='Весы 01.11.2023'!I71 -> 25860 | C50: ='Весы 01.11.2023'!K71 -> -18 | D50: =B50-C50 -> 25878 | E50: =A50-D50 -> -0.325 | F50: KBC073 / A012AB | G50: 45231 | H50: M017 | I50: 835,50 | J50: 33EFX10B00 | K50: 51 EFIX DIESEL | L50: MD18 | M50: Depozit Chisinau | N50: 6960 | O50: 6954.077 | P50: 5815.079 | Q50: 16,00 | R50: Andezit SRL | S50: Puiu V. | T50: 2023
F51: KBC073 / A012AB | G51: 45231 | H51: M017 | I51: 744,50 | J51: 31EPS10B00 | K51: EURO PLUS GASOLINE | L51: MD18 | M51: Depozit Chisinau | N51: 11345 | O51: 11331.239 | P51: 8446.352 | Q51: 16,00 | R51: Andezit SRL | S51: Puiu V. | T51: 2023
F52: KBC073 / A012AB | G52: 45231 | H52: M017 | I52: 834,50 | J52: 33ME510000 | K52: EURO 5 DIESEL | L52: MD18 | M52: Depozit Chisinau | N52: 13920 | O52: 13896.294 | P52: 11616.244 | Q52: 17,00 | R52: Andezit SRL | S52: Puiu V. | T52: 2023
A53: =P53+P54 -> 19170.428 | B53: ='Весы 01.11.2023'!I67 -> 19140 | C53: ='Весы 01.11.2023'!K67 -> -30 | D53: =B53-C53 -> 19170 | E53: =A53-D53 -> 0.428 | F53: NSAR887 / | G53: 45231 | H53: M067 | I53: 834,00 | J53: 33ME510000 | K53: EURO 5 DIESEL | L53: MD18 | M53: Depozit Chisinau | N53: 13970 | O53: 13958.07 | P53: 11650.979 | Q53: 16,00 | R53: Vero Nadina SRL | S53: Secrieru N. | T53: 2023
F54: NSAR887 / | G54: 45231 | H54: M067 | I54: 744,50 | J54: 31EPS10B00 | K54: EURO PLUS GASOLINE | L54: MD18 | M54: Depozit Chisinau | N54: 10100 | O54: 10087.749 | P54: 7519.449 | Q54: 16,00 | R54: Vero Nadina SRL | S54: Secrieru N. | T54: 2023
A55: =P55+P56+P57+P58 -> 26078.499 | B55: ='Весы 01.11.2023'!I61 -> 26030 | C55: ='Весы 01.11.2023'!K61 -> -49 | D55: =B55-C55 -> 26079 | E55: =A55-D55 -> -0.501 | F55: SPK940 / NSAB055 | G55: 45231 | H55: M010 | I55: 744,50 | J55: 31EPS10B00 | K55: EURO PLUS GASOLINE | L55: MD18 | M55: Depozit Chisinau | N55: 16000 | O55: 15980.592 | P55: 11911.999 | Q55: 16,00 | R55: Vero Nadina SRL | S55: Frunze M. | T55: 2023
F56: SPK940 / NSAB055 | G56: 45231 | H56: M010 | I56: 835,00 | J56: 33EFX10B00 | K56: 51 EFIX DIESEL | L56: MD18 | M56: Depozit Chisinau | N56: 2000 | O56: 1998.296 | P56: 1670 | Q56: 16,00 | R56: Vero Nadina SRL | S56: Frunze M. | T56: 2023
F57: SPK940 / NSAB055 | G57: 45231 | H57: M010 | I57: 832,50 | J57: 33ME510000 | K57: EURO 5 DIESEL | L57: MD18 | M57: Depozit Chisinau | N57: 12000 | O57: 12000 | P57: 9990 | Q57: 15,00 | R57: Vero Nadina SRL | S57: Frunze M. | T57: 2023
F58: SPK940 / NSAB055 | G58: 45231 | H58: M010 | I58: 835,50 | J58: 33EFXS10B0 | K58: 55 EFIX S DIESEL | L58: MD18 | M58: Depozit Chisinau | N58: 3000 | O58: 3000 | P58: 2506.5 | Q58: 15,00 | R58: Vero Nadina SRL | S58: Frunze M. | T58: 2023
A59: =P59+P60+P61 -> 24877.053 | B59: ='Весы 01.11.2023'!I68 -> 24840 | C59: ='Весы 01.11.2023'!K68 -> -37 | D59: =B59-C59 -> 24877 | E59: =A59-D59 -> 0.053 | F59: FGT903 / A331AB | G59: 45231 | H59: M055 | I59: 744,50 | J59: 31EPS10B00 | K59: EURO PLUS GASOLINE | L59: MD18 | M59: Depozit Chisinau | N59: 10100 | O59: 10087.749 | P59: 7519.449 | Q59: 16,00 | R59: Vero Nadina SRL | S59: Capatina G. | T59: 2023
F60: FGT903 / A331AB | G60: 45231 | H60: M055 | I60: 834,50 | J60: 33EFX10B00 | K60: 51 EFIX DIESEL | L60: MD18 | M60: Depozit Chisinau | N60: 5300 | O60: 5295.479 | P60: 4422.85 | Q60: 16,00 | R60: Vero Nadina SRL | S60: Capatina G. | T60: 2023
F61: FGT903 / A331AB | G61: 45231 | H61: M055 | I61: 834,50 | J61: 33ME510000 | K61: EURO 5 DIESEL | L61: MD18 | M61: Depozit Chisinau | N61: 15500 | O61: 15473.604 | P61: 12934.754 | Q61: 17,00 | R61: Vero Nadina SRL | S61: Capatina G. | T61: 2023
A62: =P62+P63 -> 26830.17 | B62: ='Весы 01.11.2023'!I70 -> 26790 | C62: ='Весы 01.11.2023'!K70 -> -40 | D62: =B62-C62 -> 26830 | E62: =A62-D62 -> 0.17 | F62: LUQ250 / NSAB041 | G62: 45231 | H62: M018 | I62: 835,00 | J62: 33EFX10B00 | K62: 51 EFIX DIESEL | L62: MD18 | M62: Depozit Chisinau | N62: 12895 | O62: 12884.013 | P62: 10767.324 | Q62: 16,00 | R62: Vero Nadina SRL | S62: Postolache V. | T62: 2023
F63: LUQ250 / NSAB041 | G63: 45231 | H63: M018 | I63: 834,00 | J63: 33ME510000 | K63: EURO 5 DIESEL | L63: MD18 | M63: Depozit Chisinau | N63: 19260 | O63: 19227.162 | P63: 16062.846 | Q63: 17,00 | R63: Vero Nadina SRL | S63: Postolache V. | T63: 2023
A64: =P64+P65 -> 19463.934 | B64: ='Весы 01.11.2023'!I74 -> 19460 | C64: ='Весы 01.11.2023'!K74 -> -4 | D64: =B64-C64 -> 19464 | E64: =A64-D64 -> -0.066 | F64: NSAR887 / | G64: 45231 | H64: M002 | I64: 744,50 | J64: 31EPS10B00 | K64: EURO PLUS GASOLINE | L64: MD18 | M64: Depozit Chisinau | N64: 7105 | O64: 7087.792 | P64: 5289.674 | Q64: 17,00 | R64: Vero Nadina SRL | S64: Secrieru N. | T64: 2023
F65: NSAR887 / | G65: 45231 | H65: M002 | I65: 835,50 | J65: 33ME510000 | K65: EURO 5 DIESEL | L65: MD18 | M65: Depozit Chisinau | N65: 16965 | O65: 16921.824 | P65: 14174.26 | Q65: 18,00 | R65: Vero Nadina SRL | S65: Secrieru N. | T65: 2023
A66: =P66+P67+P68 -> 25563.005 | B66: ='Весы 01.11.2023'!I73 -> 25520 | C66: ='Весы 01.11.2023'!K73 -> -43 | D66: =B66-C66 -> 25563 | E66: =A66-D66 -> 0.005 | F66: SPK940 / NSAB055 | G66: 45231 | H66: M086 | I66: 745,50 | J66: 31EFX10B00 | K66: EFIX 95 GASOLINE | L66: MD18 | M66: Depozit Chisinau | N66: 10000 | O66: 10000 | P66: 7455 | Q66: 15,00 | R66: Vero Nadina SRL | S66: Frunze M. | T66: 2023
F67: SPK940 / NSAB055 | G67: 45231 | H67: M086 | I67: 744,50 | J67: 31EPS10B00 | K67: EURO PLUS GASOLINE | L67: MD18 | M67: Depozit Chisinau | N67: 12000 | O67: 11970.936 | P67: 8934.002 | Q67: 17,00 | R67: Vero Nadina SRL | S67: Frunze M. | T67: 2023
F68: SPK940 / NSAB055 | G68: 45231 | H68: M086 | I68: 834,00 | J68: 33ME510000 | K68: EURO 5 DIESEL | L68: MD18 | M68: Depozit Chisinau | N68: 11000 | O68: 10971.906 | P68: 9174.003 | Q68: 18,00 | R68: Vero Nadina SRL | S68: Frunze M. | T68: 2023
A69: =P69 -> 27373 | B69: прямая поставка на АЗС минуя Депо | F69: DWP433 / N974TN | G69: 45231 | H69: M025 | I69: 839,00 | J69: 33ME510000 | K69: EURO 5 DIESEL | L69: MD18 | M69: Depozit Chisinau | N69: 32626 | O69: 32598.464 | P69: 27373 | Q69: 16,00 | R69: Vero Nadina SRL | S69: Lupei M. | T69: 2023
A70: Итог дня кг | E70: =SUM(E4:E69) -> 3.087
A72: =P72+P73 -> 24455.708 | B72: ='Весы 02.11.2023'!I48 -> 24370 | C72: ='Весы 02.11.2023'!K48 -> -1 | D72: =B72-C72 -> 24371 | E72: =A72-D72 -> 84.708 | F72: SDZ578 / V193LG | G72: 45232 | H72: M036 | I72: 750,50 | J72: 31EPS10B00 | K72: EURO PLUS GASOLINE | L72: MD18 | M72: Depozit Chisinau | N72: 15410 | O72: 15503.138 | P72: 11565.208 | Q72: 10,00 | R72: Andezit SRL | S72: Popa S. | T72: 2023
F73: SDZ578 / V193LG | G73: 45232 | H73: M036 | I73: 836,50 | J73: 33ME510000 | K73: EURO 5 DIESEL | L73: MD18 | M73: Depozit Chisinau | N73: 15410 | O73: 15489.284 | P73: 12890.5 | Q73: 9,00 | R73: Andezit SRL | S73: Popa S. | T73: 2023
A74: =P74+P75 -> 26715.996 | B74: ='Весы 02.11.2023'!I59 -> 26716 | C74: ='Весы 02.11.2023'!K59 -> -18 | D74: =B74-C74 -> 26734 | E74: =A74-D74 -> -18.004 | F74: NSAL703 / I854WW | G74: 45232 | H74: M026 | I74: 750,00 | J74: 31EPS10B00 | K74: EURO PLUS GASOLINE | L74: MD18 | M74: Depozit Chisinau | N74: 15000 | O74: 15072.495 | P74: 11250.001 | Q74: 11,00 | R74: Vero Nadina SRL | S74: Zghibart V. | T74: 2023
F75: NSAL703 / I854WW | G75: 45232 | H75: M026 | I75: 836,00 | J75: 33ME510000 | K75: EURO 5 DIESEL | L75: MD18 | M75: Depozit Chisinau | N75: 18500 | O75: 18547.434 | P75: 15465.995 | Q75: 12,00 | R75: Vero Nadina SRL | S75: Zghibart V. | T75: 2023
A76: =P76+P77+P78+P79 -> 26065.913 | B76: ='Весы 02.11.2023'!I62 -> 25910 | C76: ='Весы 02.11.2023'!K62 -> -38 | D76: =B76-C76 -> 25948 | E76: =A76-D76 -> 117.913 | F76: RTL069 / I870WW | G76: 45232 | H76: M028 | I76: 752,50 | J76: 31EPS10B00 | K76: EURO PLUS GASOLINE | L76: MD18 | M76: Depozit Chisinau | N76: 10000 | O76: 10048.08 | P76: 7524.996 | Q76: 11,00 | R76: Vero Nadina SRL | S76: Cobzac A. | T76: 2023
F77: RTL069 / I870WW | G77: 45232 | H77: M028 | I77: 842,50 | J77: 33ME510000 | K77: EURO 5 DIESEL | L77: MD18 | M77: Depozit Chisinau | N77: 12000 | O77: 12010.092 | P77: 10109.997 | Q77: 14,00 | R77: Vero Nadina SRL | S77: Cobzac A. | T77: 2023
F78: RTL069 / I870WW | G78: 45232 | H78: M102 | I78: 842,00 | J78: 33EFX10B00 | K78: 51 EFIX DIESEL | L78: MD18 | M78: Depozit Chisinau | N78: 5005 | O78: 5013.433 | P78: 4214.209 | Q78: 13,00 | R78: Vero Nadina SRL | S78: Cobzac A. | T78: 2023
F79: RTL069 / I870WW | G79: 45232 | H79: M102 | I79: 842,50 | J79: 33ME510000 | K79: EURO 5 DIESEL | L79: MD18 | M79: Depozit Chisinau | N79: 5005 | O79: 5009.209 | P79: 4216.711 | Q79: 14,00 | R79: Vero Nadina SRL | S79: Cobzac A. | T79: 2023
A80: =P80+P81+P82 -> 26717.003 | B80: ='Весы 02.11.2023'!I56 -> 26520 | C80: ='Весы 02.11.2023'!K56 -> -43 | D80: =B80-C80 -> 26563 | E80: =A80-D80 -> 154.003 | F80: SPK940 / NSAB055 | G80: 45232 | H80: M015 | I80: 753,00 | J80: 31EPS10B00 | K80: EURO PLUS GASOLINE | L80: MD18 | M80: Depozit Chisinau | N80: 11000 | O80: 11052.844 | P80: 8283.003 | Q80: 11,00 | R80: Vero Nadina SRL | S80: Frunze M. | T80: 2023
F81: SPK940 / NSAB055 | G81: 45232 | H81: M015 | I81: 841,00 | J81: 33EFX10B00 | K81: 51 EFIX DIESEL | L81: MD18 | M81: Depozit Chisinau | N81: 5000 | O81: 5016.915 | P81: 4204.999 | Q81: 11,00 | R81: Vero Nadina SRL | S81: Frunze M. | T81: 2023
F82: SPK940 / NSAB055 | G82: 45232 | H82: M015 | I82: 837,00 | J82: 33ME510000 | K82: EURO 5 DIESEL | L82: MD18 | M82: Depozit Chisinau | N82: 17000 | O82: 17072.692 | P82: 14229.001 | Q82: 10,00 | R82: Vero Nadina SRL | S82: Frunze M. | T82: 2023
A83: =P83+P84 -> 25832.393 | B83: ='Весы 02.11.2023'!I53 -> 25690 | C83: ='Весы 02.11.2023'!K53 -> -19 | D83: =B83-C83 -> 25709 | E83: =A83-D83 -> 123.393 | F83: FGT903 / A331AB | G83: 45232 | H83: M098 | I83: 836,00 | J83: 33ME510000 | K83: EURO 5 DIESEL | L83: MD18 | M83: Depozit Chisinau | N83: 12500 | O83: 12553.575 | P83: 10449.997 | Q83: 10,00 | R83: Vero Nadina SRL | S83: Capatina G. | T83: 2023
F84: FGT903 / A331AB | G84: 45232 | H84: M080 | I84: 836,00 | J84: 33ME510000 | K84: EURO 5 DIESEL | L84: MD18 | M84: Depozit Chisinau | N84: 18400 | O84: 18478.862 | P84: 15382.396 | Q84: 10,00 | R84: Vero Nadina SRL | S84: Capatina G. | T84: 2023
A85: =P85+P86 -> 25753.344 | B85: ='Весы 02.11.2023'!I49 -> 25580 | C85: ='Весы 02.11.2023'!K49 -> -38 | D85: =B85-C85 -> 25618 | E85: =A85-D85 -> 135.344 | F85: LUQ250 / NSAB041 | G85: 45232 | H85: M052 | I85: 750,00 | J85: 31EPS10B00 | K85: EURO PLUS GASOLINE | L85: MD18 | M85: Depozit Chisinau | N85: 12895 | O85: 12957.322 | P85: 9671.251 | Q85: 11,00 | R85: Vero Nadina SRL | S85: Postolache V. | T85: 2023
F86: LUQ250 / NSAB041 | G86: 45232 | H86: M052 | I86: 835,00 | J86: 33ME510000 | K86: EURO 5 DIESEL | L86: MD18 | M86: Depozit Chisinau | N86: 19260 | O86: 19359.439 | P86: 16082.093 | Q86: 9,00 | R86: Vero Nadina SRL | S86: Postolache V. | T86: 2023
A87: =P87+P88+P89 -> 25712.756 | B87: ='Весы 02.11.2023'!I60 -> 25530 | C87: ='Весы 02.11.2023'!K60 -> -37 | D87: =B87-C87 -> 25567 | E87: =A87-D87 -> 145.756 | F87: ZGO801 / I175WW | G87: 45232 | H87: M011 | I87: 751,50 | J87: 31EPS10B00 | K87: EURO PLUS GASOLINE | L87: MD18 | M87: Depozit Chisinau | N87: 14550 | O87: 14602.496 | P87: 10934.32 | Q87: 12,00 | R87: Vero Nadina SRL | S87: Drapac S. | T87: 2023
F88: ZGO801 / I175WW | G88: 45232 | H88: M011 | I88: 752,50 | J88: 31EFX10B00 | K88: EFIX 95 GASOLINE | L88: MD18 | M88: Depozit Chisinau | N88: 6020 | O88: 6056.234 | P88: 4530.049 | Q88: 10,00 | R88: Vero Nadina SRL | S88: Drapac S. | T88: 2023
F89: ZGO801 / I175WW | G89: 45232 | H89: M011 | I89: 839,00 | J89: 33ME510000 | K89: EURO 5 DIESEL | L89: MD18 | M89: Depozit Chisinau | N89: 12215 | O89: 12235.704 | P89: 10248.387 | Q89: 13,00 | R89: Vero Nadina SRL | S89: Drapac S. | T89: 2023
A90: =P90+P91+P92 -> 25767.308 | B90: ='Весы 02.11.2023'!I58 -> 25600 | C90: ='Весы 02.11.2023'!K58 -> -26 | D90: =B90-C90 -> 25626 | E90: =A90-D90 -> 141.308 | F90: ROQ228 / NSAA703 | G90: 45232 | H90: M090 | I90: 753,00 | J90: 31EPS10B00 | K90: EURO PLUS GASOLINE | L90: MD18 | M90: Depozit Chisinau | N90: 12810 | O90: 12856.09 | P90: 9645.935 | Q90: 12,00 | R90: Vero Nadina SRL | S90: Buruian A. | T90: 2023
F91: ROQ228 / NSAA703 | G91: 45232 | H91: M090 | I91: 838,00 | J91: 33ME510000 | K91: EURO 5 DIESEL | L91: MD18 | M91: Depozit Chisinau | N91: 12815 | O91: 12858.674 | P91: 10738.974 | Q91: 11,00 | R91: Vero Nadina SRL | S91: Buruian A. | T91: 2023
F92: ROQ228 / NSAA703 | G92: 45232 | H92: M090 | I92: 841,00 | J92: 33EFXS10B0 | K92: 55 EFIX S DIESEL | L92: MD18 | M92: Depozit Chisinau | N92: 6400 | O92: 6421.651 | P92: 5382.399 | Q92: 11,00 | R92: Vero Nadina SRL | S92: Buruian A. | T92: 2023
A93: =P93+P94+P95+P96 -> 26347.315 | B93: ='Весы 02.11.2023'!I61 -> 26190 | C93: ='Весы 02.11.2023'!K61 -> -28 | D93: =B93-C93 -> 26218 | E93: =A93-D93 -> 129.315 | F93: AAB012 / U026TQ | G93: 45232 | H93: M058 | I93: 752,50 | J93: 31EFX10B00 | K93: EFIX 95 GASOLINE | L93: MD18 | M93: Depozit Chisinau | N93: 7210 | O93: 7235.963 | P93: 5425.524 | Q93: 12,00 | R93: Andezit SRL | S93: Gutanu A. | T93: 2023
F94: AAB012 / U026TQ | G94: 45232 | H94: M058 | I94: 751,50 | J94: 31EPS10B00 | K94: EURO PLUS GASOLINE | L94: MD18 | M94: Depozit Chisinau | N94: 2805 | O94: 2815.12 | P94: 2107.957 | Q94: 12,00 | R94: Andezit SRL | S94: Gutanu A. | T94: 2023
F95: AAB012 / U026TQ | G95: 45232 | H95: M058 | I95: 842,00 | J95: 33EFX10B00 | K95: 51 EFIX DIESEL | L95: MD18 | M95: Depozit Chisinau | N95: 12620 | O95: 12641.265 | P95: 10626.036 | Q95: 13,00 | R95: Andezit SRL | S95: Gutanu A. | T95: 2023
F96: AAB012 / U026TQ | G96: 45232 | H96: M058 | I96: 841,50 | J96: 33ME510000 | K96: EURO 5 DIESEL | L96: MD18 | M96: Depozit Chisinau | N96: 9730 | O96: 9738.202 | P96: 8187.798 | Q96: 14,00 | R96: Andezit SRL | S96: Gutanu A. | T96: 2023
A97: =P97+P98 -> 26781.253 | B97: ='Весы 02.11.2023'!I50 -> 26620 | C97: ='Весы 02.11.2023'!K50 -> -33 | D97: =B97-C97 -> 26653 | E97: =A97-D97 -> 128.253 | F97: AAB014 / A014AB | G97: 45232 | H97: M103 | I97: 836,00 | J97: 33ME510000 | K97: EURO 5 DIESEL | L97: MD18 | M97: Depozit Chisinau | N97: 13975 | O97: 14034.897 | P97: 11683.097 | Q97: 10,00 | R97: Andezit SRL | S97: Cioban V. | T97: 2023
F98: AAB014 / A014AB | G98: 45232 | H98: M020 | I98: 836,00 | J98: 33ME510000 | K98: EURO 5 DIESEL | L98: MD18 | M98: Depozit Chisinau | N98: 18060 | O98: 18137.405 | P98: 15098.156 | Q98: 10,00 | R98: Andezit SRL | S98: Cioban V. | T98: 2023
A99: =P99+P100+P101+P103+P102 -> 24889.502 | B99: ='Весы 02.11.2023'!I57 -> 24740 | C99: ='Весы 02.11.2023'!K57 -> -20 | D99: =B99-C99 -> 24760 | E99: =A99-D99 -> 129.502 | F99: CRV580 / X199XC | G99: 45232 | H99: M029 | I99: 753,00 | J99: 31EFX10B00 | K99: EFIX 95 GASOLINE | L99: MD18 | M99: Depozit Chisinau | N99: 4800 | O99: 4823.059 | P99: 3614.401 | Q99: 11,00 | R99: Andezit SRL | S99: Gusan I. | T99: 2023
F100: CRV580 / X199XC | G100: 45232 | H100: M029 | I100: 841,00 | J100: 33EFX10B00 | K100: 51 EFIX DIESEL | L100: MD18 | M100: Depozit Chisinau | N100: 6200 | O100: 6210.466 | P100: 5214.2 | Q100: 13,00 | R100: Andezit SRL | S100: Gusan I. | T100: 2023
F101: CRV580 / X199XC | G101: 45232 | H101: M029 | I101: 842,00 | J101: 33ME510000 | K101: EURO 5 DIESEL | L101: MD18 | M101: Depozit Chisinau | N101: 5700 | O101: 5714.421 | P101: 4799.399 | Q101: 12,00 | R101: Andezit SRL | S101: Gusan I. | T101: 2023
F102: CRV580 / X199XC | G102: 45232 | H102: M051 | I102: 753,00 | J102: 31EPS10B00 | K102: EURO PLUS GASOLINE | L102: MD18 | M102: Depozit Chisinau | N102: 9700 | O102: 9746.599 | P102: 7304.103 | Q102: 11,00 | R102: Andezit SRL | S102: Gusan I. | T102: 2023
...

Sheet Весы 08.11.2023
A1: Шаблон отчета с группировкой по складам
A3: за период по контрагенту по перевозчику по материалу по складу по транспорту по направлению | C3: 08.11.2023-08.11.2023 <ВСЕ> <ВСЕ> <ВСЕ> <ВСЕ> <ВСЕ> <Любое>
A5: Дата создания | D5: Номер | E5: Накладная | F5: Брутто | G5: Тара | H5: Получено | I5: Отпущено | K5: Разница кг | L5: Контрагент | M5: Склад | O5: Перевозчик
A6: 11.08.23 | D6: T514NJ | E6: PR405097 | F6: 39440 | G6: 13360 | H6: 26080 | K6: -87 | L6: Rafinaria Navodari | M6: Benzina ADT | O6: Andezit
A8: Итого по Benzina ADT | H8: 26080 | I8: 0 | K8: На сумму | N8: В т.ч. НДС
F9: По документам | H9: 26167 | I9: 0 | K9: 0,00 | N9: 0,00
A11: Дата создания | D11: Номер | E11: Накладная | F11: Брутто | G11: Тара | H11: Получено | I11: Отпущено | K11: Разница кг | L11: Контрагент | M11: Склад | O11: Перевозчик
A12: 11.08.23 | D12: Z778PT | E12: PR405101 | F12: 39580 | G12: 13410 | H12: 26170 | K12: -88 | L12: Rafinaria Navodari | M12: Benzina Euro | O12: Andezit
A13: 11.08.23 | D13: I856WW | E13: MD0844667 | F13: 39690 | G13: 13100 | H13: 26590 | K13: -59 | L13: Rafinaria Navodari | M13: Benzina Euro | O13: Vero-Nadina
A14: 11.08.23 | D14: I288WW | E14: MD0844666 | F14: 39240 | G14: 12650 | H14: 26590 | K14: -90 | L14: Rafinaria Navodari | M14: Benzina Euro | O14: Vero-Nadina
A15: 11.08.23 | D15: H917TZ | E15: PR405105 | F15: 39850 | G15: 13000 | H15: 26850 | K15: -64 | L15: Rafinaria Navodari | M15: Benzina Euro | O15: Andezit
A16: 11.08.23 | D16: X175CC | E16: PR404701 | F16: 38780 | G16: 13770 | H16: 25010 | K16: -126 | L16: Rafinaria Navodari | M16: Benzina Euro | O16: Andezit
A17: 11.08.23 | D17: S635JG | E17: PR405134 | F17: 39170 | G17: 12570 | H17: 26600 | K17: -76 | L17: Rafinaria Navodari | M17: Benzina Euro | O17: Andezit
A18: 11.08.23 | D18: M673VI | E18: PR405120 | F18: 39180 | G18: 12710 | H18: 26470 | K18: -102 | L18: Rafinaria Navodari | M18: Benzina Euro | O18: Andezit
A20: Итого по Benzina Euro | H20: 184280 | I20: 0 | K20: На сумму | N20: В т.ч. НДС
F21: По документам | H21: 184885 | I21: 0 | K21: 0,00 | N21: 0,00
A23: Дата создания | D23: Номер | E23: Накладная | F23: Брутто | G23: Тара | H23: Получено | I23: Отпущено | K23: Разница кг | L23: Контрагент | M23: Склад | O23: Перевозчик
A24: 11.08.23 | D24: C922RA | E24: PR405099 | F24: 39350 | G24: 13870 | H24: 25480 | K24: -82 | L24: Rafinaria Navodari | M24: Motorina ADT | O24: Andezit
A25: 11.08.23 | D25: I695WW | E25: MD0809486 | F25: 39110 | G25: 12160 | H25: 26950 | K25: -68 | L25: Rafinaria Navodari | M25: Motorina ADT | O25: Vero-Nadina
A26: 11.08.23 | D26: Y367CQ | E26: PR405107 | F26: 39470 | G26: 12850 | H26: 26620 | K26: -84 | L26: Rafinaria Navodari | M26: Motorina ADT | O26: Andezit
A28: Итого по Motorina ADT | H28: 79050 | I28: 0 | K28: На сумму | N28: В т.ч. НДС
F29: По документам | H29: 79284 | I29: 0 | K29: 0,00 | N29: 0,00
A31: Дата создания | D31: Номер | E31: Накладная | F31: Брутто | G31: Тара | H31: Получено | I31: Отпущено | K31: Разница кг | L31: Контрагент | M31: Склад | O31: Перевозчик
A32: 11.08.23 | D32: I699WW | E32: AAO1574298 | F32: 40010 | G32: 12660 | H32: 27350 | K32: -140 | L32: Giurgiulesti | M32: Motorina Euro | O32: Vero-Nadina
A33: 11.08.23 | D33: C919RA | E33: AAO1574299 | F33: 39800 | G33: 13890 | H33: 25910 | K33: -68 | L33: Giurgiulesti | M33: Motorina Euro | O33: Andezit
A34: 11.08.23 | D34: T521NJ | E34: PR404953 | F34: 39600 | G34: 13510 | H34: 26090 | K34: -127 | L34: Rafinaria Navodari | M34: Motorina Euro | O34: Andezit
A35: 11.08.23 | D35: C818RB | E35: AAO1574300 | F35: 38580 | G35: 12090 | H35: 26490 | K35: -79 | L35: Giurgiulesti | M35: Motorina Euro | O35: Andezit
A36: 11.08.23 | D36: I289WW | E36: AAO1574301 | F36: 39270 | G36: 13470 | H36: 25800 | K36: -56 | L36: Giurgiulesti | M36: Motorina Euro | O36: Vero-Nadina
A37: 11.08.23 | D37: C920RA | E37: AAO1574302 | F37: 39410 | G37: 13690 | H37: 25720 | K37: -70 | L37: Giurgiulesti | M37: Motorina Euro | O37: Andezit
A38: 11.08.23 | D38: S640JG | E38: AAO1574303 | F38: 39890 | G38: 13490 | H38: 26400 | K38: -92 | L38: Giurgiulesti | M38: Motorina Euro | O38: Andezit
A39: 11.08.23 | D39: I320WW | E39: AAO1574304 | F39: 39950 | G39: 13480 | H39: 26470 | K39: -105 | L39: Giurgiulesti | M39: Motorina Euro | O39: Vero-Nadina
A40: 11.08.23 | D40: I175WW | E40: AAO1574308 | F40: 40650 | G40: 13470 | H40: 27180 | K40: -40 | L40: Giurgiulesti | M40: Motorina Euro | O40: Vero-Nadina
A41: 11.08.23 | D41: S667JG | E41: AAO1574306 | F41: 39840 | G41: 13430 | H41: 26410 | K41: -17 | L41: Giurgiulesti | M41: Motorina Euro | O41: Vero-Nadina
A42: 11.08.23 | D42: I961WW | E42: PR405104 | F42: 39050 | G42: 13390 | H42: 25660 | K42: -85 | L42: Rafinaria Navodari | M42: Motorina Euro | O42: Andezit
A43: 11.08.23 | D43: V778LG | E43: PR405119 | F43: 39640 | G43: 13370 | H43: 26270 | K43: -86 | L43: Rafinaria Navodari | M43: Motorina Euro | O43: Andezit
... A51: 11.08.23 | D51: C813AW | E51: AAO1574305 | F51: 39220 | G51: 12930 | H51: 26290 | K51: -99 | L51: Giurgiulesti | M51: Motorina Euro | O51: Andezit
A53: Итого по Motorina Euro | H53: 524400 | I53: 0 | K53: На сумму | N53: В т.ч. НДС
F54: По документам | H54: 526092 | I54: 0 | K54: 0,00 | N54: 0,00
A56: Дата создания | D56: Номер | E56: Накладная | F56: Брутто | G56: Тара | H56: Получено | I56: Отпущено | K56: Разница кг | L56: Контрагент | M56: Склад | O56: Перевозчик
A57: 11.08.23 | D57: NSAB055 | E57: AAE7651704 | F57: 40060 | G57: 13540 | I57: 26520 | K57: -37 | L57: Depozit Chisinau | M57: Diferite | O57: Vero-Nadina
A58: 11.08.23 | D58: U026TQ | E58: AAE7651706 | F58: 39590 | G58: 12800 | I58: 26790 | K58: -15 | L58: Depozit Chisinau | M58: Diferite | O58: Andezit
A59: 11.08.23 | D59: V186LG | E59: AAE7651705 | F59: 39270 | G59: 13520 | I59: 25750 | K59: -32 | L59: Depozit Chisinau | M59: Diferite | O59: Andezit
A60: 11.08.23 | D60: X199XC | E60: AAE7651707.8 | F60: 38010 | G60: 13170 | I60: 24840 | K60: -35 | L60: Depozit Chisinau | M60: Diferite | O60: Andezit
A61: 11.08.23 | D61: NSAR887 | E61: AAE7651709 | F61: 32610 | G61: 13160 | I61: 19450 | K61: -11 | L61: Depozit Chisinau | M61: Diferite | O61: Vero-Nadina
A62: 11.08.23 | D62: V193LG | E62: AAE7651740 | F62: 39410 | G62: 13630 | I62: 25780 | K62: -9 | L62: Depozit Chisinau | M62: Diferite | O62: Andezit
A64: создан 11.08.23 в 17:43:24 | J64: стр. 1 из 2
A66: 11.08.23 | D66: A014AB | E66: AAE7651747 | F66: 38930 | G66: 13170 | H66: =I66-K66 -> 25793 | I66: 25760 | K66: -33 | L66: Depozit Chisinau | M66: Diferite | O66: Andezit
A67: 11.08.23 | D67: I854WW | E67: AAE7651748 | F67: 40540 | G67: 13460 | H67: =I67-K67 -> 27118 | I67: 27080 | K67: -38 | L67: Depozit Chisinau | M67: Diferite | O67: Vero-Nadina
A68: 11.08.23 | D68: T521NJ | E68: AAE7651749 | F68: 38520 | G68: 13510 | H68: =I68-K68 -> 25038 | I68: 25010 | K68: -28 | L68: Depozit Chisinau | M68: Diferite | O68: Andezit
A69: 11.08.23 | D69: T514NJ | E69: AAE7651750 | F69: 38290 | G69: 13360 | H69: =I69-K69 -> 24964 | I69: 24930 | K69: -34 | L69: Depozit Chisinau | M69: Diferite | O69: Andezit
A70: 11.08.23 | D70: I870WW | E70: AAE7651751 | F70: 38500 | G70: 12660 | H70: =I70-K70 -> 25862 | I70: 25840 | K70: -22 | L70: Depozit Chisinau | M70: Diferite | O70: Vero-Nadina
A71: 11.08.23 | D71: NSAB041 | E71: AAE7651752 | F71: 40400 | G71: 13560 | H71: =I71-K71 -> 26875 | I71: 26840 | K71: -35 | L71: Depozit Chisinau | M71: Diferite | O71: Vero-Nadina
A72: 11.08.23 | D72: A331AB | E72: AAE7651753 | F72: 37930 | G72: 13150 | H72: =I72-K72 -> 24815 | I72: 24780 | K72: -35 | L72: Depozit Chisinau | M72: Diferite | O72: Vero-Nadina
A73: 11.08.23 | D73: V203LG | E73: AAE7651754 | F73: 38550 | G73: 13660 | H73: =I73-K73 -> 24924 | I73: 24890 | K73: -34 | L73: Depozit Chisinau | M73: Diferite | O73: Andezit
A74: 11.08.23 | D74: M607VI | E74: AAE7651757.8 | F74: 37880 | G74: 13940 | H74: =I74-K74 -> 23946 | I74: 23940 | K74: -6 | L74: Depozit Chisinau | M74: Diferite | O74: Vero-Nadina
A75: 11.08.23 | D75: I855WW | E75: AAE7651759.6 | F75: 41120 | G75: 13170 | H75: =I75-K75 -> 27968 | I75: 27950 | K75: -18 | L75: Depozit Chisinau | M75: Diferite | O75: Vero-Nadina
A76: 11.08.23 | D76: NSAA703 | E76: AAE7651761.2 | F76: 39990 | G76: 13890 | H76: =I76-K76 -> 26139 | I76: 26100 | K76: -39 | L76: Depozit Chisinau | M76: Diferite | O76: Vero-Nadina
A77: 11.08.23 | D77: V186LG | E77: AAE7651763 | F77: 39220 | G77: 13540 | H77: =I77-K77 -> 25712 | I77: 25680 | K77: -32 | L77: Depozit Chisinau | M77: Diferite | O77: Andezit
... A86: 11.08.23 | D86: U026TQ | E86: AAE7651772 | F86: 38870 | G86: 12740 | H86: =I86-K86 -> 26162 | I86: 26130 | K86: -32 | L86: Depozit Chisinau | M86: Diferite | O86: Andezit
A88: Итого по Diferite | H88: 0 | I88: 677370 | K88: На сумму | N88: В т.ч. НДС
F89: По документам | H89: 0 | I89: 678138 | K89: 0,00 | N89: 0,00
A92: создан 11.08.23 в 17:43:24 | J92: стр. 2 из 2

Sheet Весы 07.11.2023
A1: Шаблон отчета с группировкой по складам
A3: за период по контрагенту по перевозчику по материалу по складу по транспорту по направлению | C3: 07.11.2023-07.11.2023 <ВСЕ> <ВСЕ> <ВСЕ> <ВСЕ> <ВСЕ> <Любое>
A5: Дата создания | D5: Номер | E5: Накладная | F5: Брутто | G5: Тара | H5: Получено | I5: Отпущено | K5: Разница кг | L5: Контрагент | M5: Склад | O5: Перевозчик
A6: 11.07.23 | D6: S641JG | E6: PR405092 | F6: 39810 | G6: 13020 | H6: 26790 | K6: -80 | L6: Rafinaria Navodari | M6: Benzina Euro | O6: Andezit
A7: 11.07.23 | D7: M607VI | E7: MD0810035 | F7: 39350 | G7: 13660 | H7: 25690 | K7: -57 | L7: Rafinaria Navodari | M7: Benzina Euro | O7: Vero-Nadina
A8: 11.07.23 | D8: L690MM | E8: MD0809236 | F8: 39100 | G8: 13330 | H8: 25770 | K8: -110 | L8: Rafinaria Navodari | M8: Benzina Euro | O8: Vero-Nadina
A9: 11.07.23 | D9: O911FC | E9: MD0844644 | F9: 39520 | G9: 12890 | H9: 26630 | K9: -69 | L9: Rafinaria Navodari | M9: Benzina Euro | O9: Vero-Nadina
A10: 11.07.23 | D10: I855WW | E10: MD0844693 | F10: 39380 | G10: 13190 | H10: 26190 | K10: -61 | L10: Rafinaria Navodari | M10: Benzina Euro | O10: Vero-Nadina
A12: Итого по Benzina Euro | H12: 131070 | I12: 0 | K12: На сумму | N12: В т.ч. НДС
F13: По документам | H13: 131447 | I13: 0 | K13: 0,00 | N13: 0,00
A15: Дата создания | D15: Номер | E15: Накладная | F15: Брутто | G15: Тара | H15: Получено | I15: Отпущено | K15: Разница кг | L15: Контрагент | M15: Склад | O15: Перевозчик
A16: 11.07.23 | D16: BV94LKT | F16: 39360 | G16: 11540 | H16: 27820 | K16: -88 | L16: Rafinaria Navodari | M16: Motorina ADT | O16: LCT
A17: 11.07.23 | D17: BV92LKT | F17: 39860 | G17: 11830 | H17: 28030 | K17: -53 | L17: Rafinaria Navodari | M17: Motorina ADT | O17: LCT
A19: Итого по Motorina ADT | H19: 55850 | I19: 0 | K19: На сумму | N19: В т.ч. НДС
F20: По документам | H20: 55991 | I20: 0 | K20: 0,00 | N20: 0,00
A22: Дата создания | D22: Номер | E22: Накладная | F22: Брутто | G22: Тара | H22: Получено | I22: Отпущено | K22: Разница кг | L22: Контрагент | M22: Склад | O22: Перевозчик
A23: 11.07.23 | D23: BV87LKT | F23: 39930 | G23: 12480 | H23: 27450 | K23: -92 | L23: Rafinaria Navodari | M23: Motorina Euro | O23: LCT
A24: 11.07.23 | D24: BV54LKT | F24: 39740 | G24: 11850 | H24: 27890 | K24: -77 | L24: Rafinaria Navodari | M24: Motorina Euro | O24: LCT
A25: 11.07.23 | D25: C919RA | E25: AAO1574291 | F25: 39850 | G25: 13940 | H25: 25910 | K25: -53 | L25: Giurgiulesti | M25: Motorina Euro | O25: Andezit
A26: 11.07.23 | D26: C823AW | E26: PR405090 | F26: 39620 | G26: 13110 | H26: 26510 | K26: -72 | L26: Rafinaria Navodari | M26: Motorina Euro | O26: Andezit
A27: 11.07.23 | D27: I320WW | E27: AAO1574289 | F27: 40340 | G27: 13540 | H27: 26800 | K27: -50 | L27: Giurgiulesti | M27: Motorina Euro | O27: Vero-Nadina
A28: 11.07.23 | D28: C818RB | E28: AAO15574290 | F28: 38790 | G28: 12240 | H28: 26550 | K28: -47 | L28: Giurgiulesti | M28: Motorina Euro | O28: Andezit
A29: 11.07.23 | D29: NSAA982 | E29: AAO1574293 | F29: 41060 | G29: 15120 | H29: 25940 | K29: -44 | L29: Giurgiulesti | M29: Motorina Euro | O29: Vero-Nadina
A30: 11.07.23 | D30: I289WW | E30: AAO1574292 | F30: 39150 | G30: 13540 | H30: 25610 | K30: -60 | L30: Giurgiulesti | M30: Motorina Euro | O30: Vero-Nadina
A31: 11.07.23 | D31: S640JG | E31: AAO1574296 | F31: 39950 | G31: 13550 | H31: 26400 | K31: -123 | L31: Giurgiulesti | M31: Motorina Euro | O31: Andezit
A32: 11.07.23 | D32: S667JG | E32: AAO1574295 | F32: 39930 | G32: 13590 | H32: 26340 | K32: -78 | L32: Giurgiulesti | M32: Motorina Euro | O32: Andezit
A33: 11.07.23 | D33: NSAA703 | E33: AAO1574297 | F33: 40220 | G33: 13690 | H33: 26530 | K33: -69 | L33: Giurgiulesti | M33: Motorina Euro | O33: Vero-Nadina
A35: Итого по Motorina Euro | H35: 291930 | I35: 0 | K35: На сумму | N35: В т.ч. НДС
F36: По документам | H36: 292695 | I36: 0 | K36: 0,00 | N36: 0,00
A38: Дата создания | D38: Номер | E38: Накладная | F38: Брутто | G38: Тара | H38: Получено | I38: Отпущено | K38: Разница кг | L38: Контрагент | M38: Склад | O38: Перевозчик
A39: 11.07.23 | D39: BV95LKT | F39: 39590 | G39: 11800 | H39: 27790 | K39: -94 | L39: Rafinaria Navodari | M39: Motorina S55 | O39: LCT
A41: Итого по Motorina S55 | H41: 27790 | I41: 0 | K41: На сумму | N41: В т.ч. НДС
F42: По документам | H42: 27884 | I42: 0 | K42: 0,00 | N42: 0,00
A44: Дата создания | D44: Номер | E44: Накладная | F44: Брутто | G44: Тара | H44: Получено | I44: Отпущено | K44: Разница кг | L44: Контрагент | M44: Склад | O44: Перевозчик
A45: 11.07.23 | D45: NSAB041 | E45: AAE7651710 | F45: 39870 | G45: 13590 | I45: 26280 | K45: -35 | L45: Depozit Chisinau | M45: Diferite | O45: Vero-Nadina
A46: 11.07.23 | D46: NSAR887 | E46: AAE7651711 | F46: 32650 | G46: 13210 | I46: 19440 | K46: -10 | L46: Depozit Chisinau | M46: Diferite | O46: Vero-Nadina
A47: 11.07.23 | D47: NSAB055 | E47: AAE7651712 | F47: 40220 | G47: 13570 | I47: 26650 | K47: -52 | L47: Depozit Chisinau | M47: Diferite | O47: Vero-Nadina
A48: 11.07.23 | D48: V193LG | E48: AAE7651713 | F48: 38020 | G48: 13670 | I48: 24350 | K48: -48 | L48: Depozit Chisinau | M48: Diferite | O48: Andezit
A49: 11.07.23 | D49: I870WW | E49: AAE7651714 | F49: 38630 | G49: 12760 | I49: 25870 | K49: -28 | L49: Depozit Chisinau | M49: Diferite | O49: Vero-Nadina
A50: 11.07.23 | D50: A331AB | E50: AAE7651715 | F50: 38060 | G50: 13180 | I50: 24880 | K50: -41 | L50: Depozit Chisinau | M50: Diferite | O50: Vero-Nadina
A51: 11.07.23 | D51: V186LG | E51: AAE7651716 | F51: 39360 | G51: 13630 | I51: 25730 | K51: -49 | L51: Depozit Chisinau | M51: Diferite | O51: Andezit
A52: 11.07.23 | D52: I854WW | E52: AAE7651718 | F52: 40540 | G52: 13470 | I52: 27070 | K52: -46 | L52: Depozit Chisinau | M52: Diferite | O52: Vero-Nadina
A53: 11.07.23 | D53: V203LG | E53: AAE7651719 | F53: 38560 | G53: 13600 | I53: 24960 | K53: -40 | L53: Depozit Chisinau | M53: Diferite | O53: Andezit
A54: 11.07.23 | D54: A014AB | E54: AAE7651720 | F54: 38730 | G54: 13260 | I54: 25470 | K54: -48 | L54: Depozit Chisinau | M54: Diferite | O54: Andezit
A55: 11.07.23 | D55: X199XC | E55: AAE7651721 | F55: 38770 | G55: 13310 | I55: 25460 | K55: -44 | L55: Depozit Chisinau | M55: Diferite | O55: Andezit
A56: 11.07.23 | D56: I320WW | E56: AAE7651723 | F56: 38560 | G56: 13540 | I56: 25020 | K56: -51 | L56: Depozit Chisinau | M56: Diferite | O56: Vero-Nadina
... A62: 11.07.23 | D62: A331AB | E62: AAE7651731 | F62: 37720 | G62: 13170 | I62: 24550 | K62: -43 | L62: Depozit Chisinau | M62: Diferite | O62: Vero-Nadina
A64: создан 11.07.23 в 15:22:30 | J64: стр. 1 из 2
A66: 11.07.23 | D66: I855WW | E66: AAE7651732 | F66: 39980 | G66: 13190 | I66: 26790 | K66: -46 | L66: Depozit Chisinau | M66: Diferite | O66: Vero-Nadina
A67: 11.07.23 | D67: NSAR887 | E67: AAE7651734 | F67: 32220 | G67: 13190 | I67: 19030 | K67: -17 | L67: Depozit Chisinau | M67: Diferite | O67: Vero-Nadina
A68: 11.07.23 | D68: V193LG | E68: AAE7651736 | F68: 38680 | G68: 13650 | I68: 25030 | K68: -33 | L68: Depozit Chisinau | M68: Diferite | O68: Andezit
A69: 11.07.23 | D69: I854WW | E69: AAE7651737 | F69: 40030 | G69: 13440 | I69: 26590 | K69: -46 | L69: Depozit Chisinau | M69: Diferite | O69: Vero-Nadina
A70: 11.07.23 | D70: NSAA703 | E70: AAE7651738 | F70: 38670 | G70: 13690 | I70: 24980 | K70: -58 | L70: Depozit Chisinau | M70: Diferite | O70: Vero-Nadina
A72: Итого по Diferite | H72: 0 | I72: 576160 | K72: На сумму | N72: В т.ч. НДС
F73: По документам | H73: 0 | I73: 577119 | K73: 0,00 | N73: 0,00
A76: создан 11.07.23 в 15:22:30 | J76: стр. 2 из 2

Sheet Весы 06.11.2023
A1: Шаблон отчета с группировкой по складам
A3: за период по контрагенту по перевозчику по материалу по складу по транспорту по направлению | C3: 06.11.2023-06.11.2023 <ВСЕ> <ВСЕ> <ВСЕ> <ВСЕ> <ВСЕ> <Любое>
A5: Дата создания | D5: Номер | E5: Накладная | F5: Брутто | G5: Тара | H5: Получено | I5: Отпущено | K5: Разница кг | L5: Контрагент | M5: Склад | O5: Перевозчик
A6: 11.06.23 | D6: M673VI | E6: PR405078 | F6: 39250 | G6: 12740 | H6: 26510 | K6: -64 | L6: Rafinaria Navodari | M6: Benzina ADT | O6: Andezit
A7: 11.06.23 | D7: H120TZ | E7: PR405093 | F7: 39710 | G7: 13000 | H7: 26710 | K7: -87 | L7: Rafinaria Navodari | M7: Benzina ADT | O7: Andezit
A8: 11.06.23 | D8: Y698CQ | E8: MD0844782 | F8: 40180 | G8: 14070 | H8: 26110 | K8: -88 | L8: Rafinaria Navodari | M8: Benzina ADT | O8: Vero-Nadina
A9: 11.06.23 | D9: Y202CQ | E9: PR405072 | F9: 39670 | G9: 12630 | H9: 27040 | K9: -104 | L9: Rafinaria Navodari | M9: Benzina ADT | O9: Andezit
A11: Итого по Benzina ADT | H11: 106370 | I11: 0 | K11: На сумму | N11: В т.ч. НДС
F12: По документам | H12: 106713 | I12: 0 | K12: 0,00 | N12: 0,00
A14: Дата создания | D14: Номер | E14: Накладная | F14: Брутто | G14: Тара | H14: Получено | I14: Отпущено | K14: Разница кг | L14: Контрагент | M14: Склад | O14: Перевозчик
A15: 11.06.23 | D15: C825RB | E15: PR405016 | F15: 39970 | G15: 12800 | H15: 27170 | K15: -108 | L15: Rafinaria Navodari | M15: Benzina Euro | O15: Andezit
A16: 11.06.23 | D16: H119TZ | E16: PR405080 | F16: 39350 | G16: 12550 | H16: 26800 | K16: -94 | L16: Rafinaria Navodari | M16: Benzina Euro | O16: Andezit
A17: 11.06.23 | D17: L161MM | E17: MD0844749 | F17: 39760 | G17: 13710 | H17: 26050 | K17: -73 | L17: Rafinaria Navodari | M17: Benzina Euro | O17: Vero-Nadina
A18: 11.06.23 | D18: C825AW | E18: PR405095 | F18: 39130 | G18: 12340 | H18: 26790 | K18: -189 | L18: Rafinaria Navodari | M18: Benzina Euro | O18: Andezit
A20: Итого по Benzina Euro | H20: 106810 | I20: 0 | K20: На сумму | N20: В т.ч. НДС
F21: По документам | H21: 107274 | I21: 0 | K21: 0,00 | N21: 0,00
A23: Дата создания | D23: Номер | E23: Накладная | F23: Брутто | G23: Тара | H23: Получено | I23: Отпущено | K23: Разница кг | L23: Контрагент | M23: Склад | O23: Перевозчик
A24: 11.06.23 | D24: S129JG | E24: MD0844796 | F24: 39350 | G24: 12870 | H24: 26480 | K24: -88 | L24: Rafinaria Navodari | M24: Motorina ADT | O24: Vero-Nadina
A25: 11.06.23 | D25: S635JG | E25: PR405089 | F25: 39070 | G25: 12560 | H25: 26510 | K25: -75 | L25: Rafinaria Navodari | M25: Motorina ADT | O25: Andezit
A26: 11.06.23 | D26: Y374CQ | E26: PR405004 | F26: 39390 | G26: 13190 | H26: 26200 | K26: -152 | L26: Rafinaria Navodari | M26: Motorina ADT | O26: Andezit
A27: 11.06.23 | D27: M212RZ | E27: MD0808271 | F27: 39660 | G27: 12370 | H27: 27290 | K27: -88 | L27: Rafinaria Navodari | M27: Motorina ADT | O27: Vero-Nadina
A28: 11.06.23 | D28: H112TZ | E28: PR404955 | F28: 39920 | G28: 13040 | H28: 26880 | K28: -106 | L28: Rafinaria Navodari | M28: Motorina ADT | O28: Andezit
A30: Итого по Motorina ADT | H30: 133360 | I30: 0 | K30: На сумму | N30: В т.ч. НДС
F31: По документам | H31: 133869 | I31: 0 | K31: 0,00 | N31: 0,00
A33: Дата создания | D33: Номер | E33: Накладная | F33: Брутто | G33: Тара | H33: Получено | I33: Отпущено | K33: Разница кг | L33: Контрагент | M33: Склад | O33: Перевозчик
A34: 11.06.23 | D34: C919RA | E34: AAO1574287 | F34: 39740 | G34: 13970 | H34: 25770 | K34: -88 | L34: Giurgiulesti | M34: Motorina Euro | O34: Andezit
A35: 11.06.23 | D35: W032AL | E35: PR405077 | F35: 39520 | G35: 13580 | H35: 25940 | K35: -60 | L35: Rafinaria Navodari | M35: Motorina Euro | O35: Andezit
A36: 11.06.23 | D36: V778LG | E36: PR405079 | F36: 39810 | G36: 13540 | H36: 26270 | K36: -79 | L36: Rafinaria Navodari | M36: Motorina Euro | O36: Andezit
A37: 11.06.23 | D37: I957WW | E37: PR405042 | F37: 39460 | G37: 13550 | H37: 25910 | K37: -63 | L37: Rafinaria Navodari | M37: Motorina Euro | O37: Andezit
A38: 11.06.23 | D38: H113TZ | E38: PR405028 | F38: 39350 | G38: 12580 | H38: 26770 | K38: -71 | L38: Rafinaria Navodari | M38: Motorina Euro | O38: Andezit
A39: 11.06.23 | D39: X056XC | E39: MD0809598 | F39: 39740 | G39: 13420 | H39: 26320 | K39: -83 | L39: Rafinaria Navodari | M39: Motorina Euro | O39: Vero-Nadina
A40: 11.06.23 | D40: S813JG | E40: MD06300893 | F40: 39560 | G40: 14180 | H40: 25380 | K40: -79 | L40: Rafinaria Navodari | M40: Motorina Euro | O40: Vero-Nadina
A41: 11.06.23 | D41: H110TZ | E41: PR404799 | F41: 39740 | G41: 13470 | H41: 26270 | K41: -69 | L41: Rafinaria Navodari | M41: Motorina Euro | O41: Andezit
A42: 11.06.23 | D42: K015ZJ | E42: PR405088 | F42: 39610 | G42: 13100 | H42: 26510 | K42: -74 | L42: Rafinaria Navodari | M42: Motorina Euro | O42: Andezit
A43: 11.06.23 | D43: S667JG | E43: AAO1574288 | F43: 39890 | G43: 13530 | H43: 26360 | K43: -30 | L43: Giurgiulesti | M43: Motorina Euro | O43: Andezit
A44: 11.06.23 | D44: H924TZ | E44: PR404751 | F44: 38650 | G44: 12320 | H44: 26330 | K44: -92 | L44: Rafinaria Navodari | M44: Motorina Euro | O44: Andezit
A46: Итого по Motorina Euro | H46: 287830 | I46: 0 | K46: На сумму | N46: В т.ч. НДС
F47: По документам | H47: 288618 | I47: 0 | K47: 0,00 | N47: 0,00
A49: Дата создания | D49: Номер | E49: Накладная | F49: Брутто | G49: Тара | H49: Получено | I49: Отпущено | K49: Разница кг | L49: Контрагент | M49: Склад | O49: Перевозчик
A50: 11.06.23 | D50: I854WW | E50: AAE7651680 | F50: 40480 | G50: 13480 | I50: 27000 | K50: -31 | L50: Depozit Chisinau | M50: Diferite | O50: Vero-Nadina
A51: 11.06.23 | D51: V203LG | E51: AAE7651681 | F51: 39230 | G51: 13620 | I51: 25610 | K51: -45 | L51: Depozit Chisinau | M51: Diferite | O51: Andezit
A52: 11.06.23 | D52: NSAB041 | E52: AAE7651682 | F52: 39280 | G52: 13630 | I52: 25650 | K52: -48 | L52: Depozit Chisinau | M52: Diferite | O52: Vero-Nadina
A53: 11.06.23 | D53: X199XC | E53: AAE7651683 | F53: 38000 | G53: 13340 | I53: 24660 | K53: -43 | L53: Depozit Chisinau | M53: Diferite | O53: Andezit
A54: 11.06.23 | D54: NSAR887 | E54: AAE7651684 | F54: 31910 | G54: 13240 | I54: 18670 | K54: -23 | L54: Depozit Chisinau | M54: Diferite | O54: Vero-Nadina
A55: 11.06.23 | D55: A014AB | E55: AAE7651685 | F55: 39070 | G55: 13330 | I55: 25740 | K55: -27 | L55: Depozit Chisinau | M55: Diferite | O55: Andezit
A56: 11.06.23 | D56: A331AB | E56: AAE7651686.7 | F56: 38330 | G56: 13260 | I56: 25070 | K56: -41 | L56: Depozit Chisinau | M56: Diferite | O56: Vero-Nadina
A57: 11.06.23 | D57: V186LG | E57: AAE7651688 | F57: 39500 | G57: 13700 | I57: 25800 | K57: -33 | L57: Depozit Chisinau | M57: Diferite | O57: Andezit
A58: 11.06.23 | D58: V193LG | E58: AAE7651690 | F58: 38770 | G58: 13730 | I58: 25040 | K58: -33 | L58: Depozit Chisinau | M58: Diferite | O58: Andezit
A59: 11.06.23 | D59: NSAA982 | E59: AAE7651691 | F59: 40510 | G59: 15190 | I59: 25320 | K59: -12 | L59: Depozit Chisinau | M59: Diferite | O59: Vero-Nadina
A60: 11.06.23 | D60: I175WW | E60: AAE7651692 | F60: 40950 | G60: 13570 | I60: 27380 | K60: -39 | L60: Depozit Chisinau | M60: Diferite | O60: Vero-Nadina
A61: 11.06.23 | D61: I870WW | E61: AAE7651693 | F61: 38600 | G61: 12780 | I61: 25820 | K61: -30 | L61: Depozit Chisinau | M61: Diferite | O61: Vero-Nadina
A62: 11.06.23 | D62: I854WW | E62: AAE7651694 | F62: 39860 | G62: 13460 | I62: 26400 | K62: -35 | L62: Depozit Chisinau | M62: Diferite | O62: Vero-Nadina
A64: создан 11.06.23 в 15:39:51 | J64: стр. 1 из 2
A66: 11.06.23 | D66: NSAR887 | E66: AAE7651695 | F66: 32430 | G66: 13230 | I66: 19200 | K66: -11 | L66: Depozit Chisinau | M66: Diferite | O66: Vero-Nadina
A67: 11.06.23 | D67: X199XC | E67: AAE7651696 | F67: 38390 | G67: 13330 | I67: 25060 | K67: -31 | L67: Depozit Chisinau | M67: Diferite | O67: Andezit
A68: 11.06.23 | D68: V203LG | E68: AAE7651697 | F68: 38520 | G68: 13600 | I68: 24920 | K68: -34 | L68: Depozit Chisinau | M68: Diferite | O68: Andezit
A69: 11.06.23 | D69: NSAB041 | E69: AAE7651698.9 | F69: 40420 | G69: 13620 | I69: 26800 | K69: -36 | L69: Depozit Chisinau | M69: Diferite | O69: Vero-Nadina
A70: 11.06.23 | D70: NSAA703 | E70: AAE7651700.1 | F70: 39260 | G70: 13720 | I70: 25540 | K70: -39 | L70: Depozit Chisinau | M70: Diferite | O70: Vero-Nadina
A71: 11.06.23 | D71: A014AB | E71: AAE7651702 | F71: 38770 | G71: 13330 | I71: 25440 | K71: -38 | L71: Depozit Chisinau | M71: Diferite | O71: Andezit
A72: 11.06.23 | D72: V189LG | E72: AAE7651703 | F72: 37710 | G72: 13450 | I72: 24260 | K72: -30 | L72: Depozit Chisinau | M72: Diferite | O72: Andezit
A74: Итого по Diferite | H74: 0 | I74: 499380 | K74: На сумму | N74: В т.ч. НДС
F75: По документам | H75: 0 | I75: 500039 | K75: 0,00 | N75: 0,00
A78: создан 11.06.23 в 15:39:51 | J78: стр. 2 из 2

Sheet Весы 04.11.2023
A1: Шаблон отчета с группировкой по складам
A3: за период по контрагенту по перевозчику по материалу по складу по транспорту по направлению | C3: 04.11.2023-04.11.2023 <ВСЕ> <ВСЕ> <ВСЕ> <ВСЕ> <ВСЕ> <Любое>
A5: Дата создания | D5: Номер | E5: Накладная | F5: Брутто | G5: Тара | H5: Получено | I5: Отпущено | K5: Разница кг | L5: Контрагент | M5: Склад | O5: Перевозчик
A6: 11.04.23 | D6: K015ZJ | E6: PR405062 | F6: 39570 | G6: 13140 | H6: 26430 | K6: -98 | L6: Rafinaria Navodari | M6: Benzina ADT | O6: Andezit
A7: 11.04.23 | D7: Y698CQ | E7: MD0844781 | F7: 40190 | G7: 14100 | H7: 26090 | K7: -85 | L7: Rafinaria Navodari | M7: Benzina ADT | O7: Vero-Nadina
A8: 11.04.23 | D8: S641JG | E8: PR405068 | F8: 39860 | G8: 13070 | H8: 26790 | K8: -82 | L8: Rafinaria Navodari | M8: Benzina ADT | O8: Andezit
A9: 11.04.23 | D9: I409WW | E9: PR405014 | F9: 38760 | G9: 14180 | H9: 24580 | K9: -88 | L9: Rafinaria Navodari | M9: Benzina ADT | O9: Andezit
A11: Итого по Benzina ADT | H11: 103890 | I11: 0 | K11: На сумму | N11: В т.ч. НДС
F12: По документам | H12: 104243 | I12: 0 | K12: 0,00 | N12: 0,00
A14: Дата создания | D14: Номер | E14: Накладная | F14: Брутто | G14: Тара | H14: Получено | I14: Отпущено | K14: Разница кг | L14: Контрагент | M14: Склад | O14: Перевозчик
A15: 11.04.23 | D15: M170VI | E15: MD0844614 | F15: 39890 | G15: 14280 | H15: 25610 | K15: -96 | L15: Rafinaria Navodari | M15: Benzina Euro | O15: Vero-Nadina
A16: 11.04.23 | D16: I957WW | E16: PR405065 | F16: 39480 | G16: 13440 | H16: 26040 | K16: -72 | L16: Rafinaria Navodari | M16: Benzina Euro | O16: Andezit
A17: 11.04.23 | D17: T521NJ | E17: PR405064 | F17: 39160 | G17: 13090 | H17: 26070 | K17: -79 | L17: Rafinaria Navodari | M17: Benzina Euro | O17: Andezit
A18: 11.04.23 | D18: N974TN | E18: MD0844711 | F18: 39170 | G18: 12450 | H18: 26720 | K18: -54 | L18: Rafinaria Navodari | M18: Benzina Euro | O18: Vero-Nadina
A20: Итого по Benzina Euro | H20: 104440 | I20: 0 | K20: На сумму | N20: В т.ч. НДС
F21: По документам | H21: 104741 | I21: 0 | K21: 0,00 | N21: 0,00
A23: Дата создания | D23: Номер | E23: Накладная | F23: Брутто | G23: Тара | H23: Получено | I23: Отпущено | K23: Разница кг | L23: Контрагент | M23: Склад | O23: Перевозчик
A24: 11.04.23 | D24: I699WW | E24: MD0844631 | F24: 40070 | G24: 12700 | H24: 27370 | K24: -36 | L24: Rafinaria Navodari | M24: Motorina ADT | O24: Vero-Nadina
A26: Итого по Motorina ADT | H26: 27370 | I26: 0 | K26: На сумму | N26: В т.ч. НДС
F27: По документам | H27: 27406 | I27: 0 | K27: 0,00 | N27: 0,00
A29: Дата создания | D29: Номер | E29: Накладная | F29: Брутто | G29: Тара | H29: Получено | I29: Отпущено | K29: Разница кг | L29: Контрагент | M29: Склад | O29: Перевозчик
A30: 11.04.23 | D30: C818RB | E30: AAO1574281 | F30: 38830 | G30: 12390 | H30: 26440 | K30: -66 | L30: Giurgiulesti | M30: Motorina Euro | O30: Andezit
A31: 11.04.23 | D31: C825AW | E31: AAO1574280 | F31: 38540 | G31: 12140 | H31: 26400 | K31: -112 | L31: Giurgiulesti | M31: Motorina Euro | O31: Andezit
A32: 11.04.23 | D32: X360XC | E32: MD0809392 | F32: 39670 | G32: 13460 | H32: 26210 | K32: -67 | L32: Rafinaria Navodari | M32: Motorina Euro | O32: Vero-Nadina
A33: 11.04.23 | D33: C919RA | E33: AAO1574282 | F33: 39400 | G33: 13600 | H33: 25800 | K33: -80 | L33: Giurgiulesti | M33: Motorina Euro | O33: Andezit
A34: 11.04.23 | D34: NSAA982 | E34: AAO1574284 | F34: 40970 | G34: 15150 | H34: 25820 | K34: -20 | L34: Giurgiulesti | M34: Motorina Euro | O34: Vero-Nadina
A35: 11.04.23 | D35: L161MM | E35: MD0844748 | F35: 40140 | G35: 14100 | H35: 26040 | K35: -68 | L35: Rafinaria Navodari | M35: Motorina Euro | O35: Vero-Nadina
A36: 11.04.23 | D36: I289WW | E36: AAO1574283 | F36: 39150 | G36: 13550 | H36: 25600 | K36: -95 | L36: Giurgiulesti | M36: Motorina Euro | O36: Vero-Nadina
A37: 11.04.23 | D37: M531RZ | E37: MD0808369 | F37: 39860 | G37: 12770 | H37: 27090 | K37: -63 | L37: Rafinaria Navodari | M37: Motorina Euro | O37: Vero-Nadina
A38: 11.04.23 | D38: NSAR887 | E38: AAE7651676 | F38: 32300 | G38: 13230 | I38: 19070 | K38: -21 | L38: Depozit Chisinau | M38: Motorina Euro | O38: Vero-Nadina
A39: 11.04.23 | D39: I961WW | E39: PR405070 | F39: 39040 | G39: 13300 | H39: 25740 | K39: -110 | L39: Rafinaria Navodari | M39: Motorina Euro | O39: Andezit
A40: 11.04.23 | D40: NASS703 | E40: AAO1574285 | F40: 40180 | G40: 13710 | H40: 26470 | K40: -80 | L40: Giurgiulesti | M40: Motorina Euro | O40: Vero-Nadina
A41: 11.04.23 | D41: I175WW | E41: AAO1574286 | F41: 40730 | G41: 13570 | H41: 27160 | K41: -11 | L41: Giurgiulesti | M41: Motorina Euro | O41: Vero-Nadina
A43: Итого по Motorina Euro | H43: 288770 | I43: 19070 | K43: На сумму | N43: В т.ч. НДС
F44: По документам | H44: 289542 | I44: 19091 | K44: 0,00 | N44: 0,00
A46: Дата создания | D46: Номер | E46: Накладная | F46: Брутто | G46: Тара | H46: Получено | I46: Отпущено | K46: Разница кг | L46: Контрагент | M46: Склад | O46: Перевозчик
A47: 11.04.23 | D47: I870WW | E47: AAE7651627 | F47: 38100 | G47: 12710 | I47: 25390 | K47: -46 | L47: Depozit Chisinau | M47: Diferite | O47: Vero-Nadina
A48: 11.04.23 | D48: I854WW | E48: AAE7651628.9 | F48: 41270 | G48: 13400 | I48: 27870 | K48: -24 | L48: Depozit Chisinau | M48: Diferite | O48: Vero-Nadina
A49: 11.04.23 | D49: A331AB | E49: AAE7651660.1 | F49: 37800 | G49: 13020 | I49: 24780 | K49: -24 | L49: Depozit Chisinau | M49: Diferite | O49: Vero-Nadina
A50: 11.04.23 | D50: NSAR887 | E50: AAE7651662 | F50: 32820 | G50: 13230 | I50: 19590 | K50: -16 | L50: Depozit Chisinau | M50: Diferite | O50: Vero-Nadina
A51: 11.04.23 | D51: I320WW | E51: AAE7651663.4 | F51: 39820 | G51: 13770 | I51: 26050 | K51: -40 | L51: Depozit Chisinau | M51: Diferite | O51: Vero-Nadina
A52: 11.04.23 | D52: X199XC | E52: AAE7651665.6 | F52: 38370 | G52: 13360 | I52: 25010 | K52: -18 | L52: Depozit Chisinau | M52: Diferite | O52: Andezit
A53: 11.04.23 | D53: A012AB | E53: AAE7651667.8 | F53: 40300 | G53: 13440 | I53: 26860 | K53: -16 | L53: Depozit Chisinau | M53: Diferite | O53: Andezit
A54: 11.04.23 | D54: V189LG | E54: AAE7651670 | F54: 38950 | G54: 13410 | I54: 25540 | K54: -17 | L54: Depozit Chisinau | M54: Diferite | O54: Andezit
A55: 11.04.23 | D55: T521NJ | E55: AAE7651671 | F55: 38140 | G55: 13090 | I55: 25050 | K55: -11 | L55: Depozit Chisinau | M55: Diferite | O55: Andezit
A56: 11.04.23 | D56: NSAA982 | E56: AAE7651672.3 | F56: 40210 | G56: 15150 | I56: 25060 | K56: -13 | L56: Depozit Chisinau | M56: Diferite | O56: Vero-Nadina
A57: 11.04.23 | D57: V193LG | E57: AAE7651674 | F57: 39500 | G57: 13860 | I57: 25640 | K57: -25 | L57: Depozit Chisinau | M57: Diferite | O57: Andezit
A58: 11.04.23 | D58: I870WW | E58: AAE7651675 | F58: 37400 | G58: 12700 | I58: 24700 | K58: -45 | L58: Depozit Chisinau | M58: Diferite | O58: Vero-Nadina
... A60: 11.04.23 | D60: A331AB | E60: AAE7651678 | F60: 38300 | G60: 13250 | I60: 25050 | K60: -24 | L60: Depozit Chisinau | M60: Diferite | O60: Vero-Nadina
A62: Итого по Diferite | H62: 0 | I62: 353180 | K62: На сумму | N62: В т.ч. НДС
F63: По документам | H63: 0 | I63: 353522 | K63: 0,00 | N63: 0,00
A65: создан 11.04.23 в 14:09:07 | J65: стр. 1 из 1

Sheet Весы 03.11.2023
A1: Шаблон отчета с группировкой по складам
A3: за период по контрагенту по перевозчику по материалу по складу по транспорту по направлению | C3: 03.11.2023-03.11.2023 <ВСЕ> <ВСЕ> <ВСЕ> <ВСЕ> <ВСЕ> <Любое>
A5: Дата создания | D5: Номер | E5: Накладная | F5: Брутто | G5: Тара | H5: Получено | I5: Отпущено | K5: Разница кг | L5: Контрагент | M5: Склад | O5: Перевозчик
A6: 11.03.23 | D6: H112TZ | E6: PR389730 | F6: 39550 | G6: 12930 | H6: 26620 | K6: -71 | L6: Rafinaria Navodari | M6: Benzina Euro | O6: Andezit
A7: 11.03.23 | D7: H110TZ | E7: PR405039 | F7: 39390 | G7: 13150 | H7: 26240 | K7: -65 | L7: Rafinaria Navodari | M7: Benzina Euro | O7: Andezit
A8: 11.03.23 | D8: W309AL | E8: MD0808350 | F8: 38680 | G8: 13690 | H8: 24990 | K8: -72 | L8: Rafinaria Navodari | M8: Benzina Euro | O8: Vero-Nadina
A9: 11.03.23 | D9: L690MM | E9: MD0809235 | F9: 38990 | G9: 13240 | H9: 25750 | K9: -62 | L9: Rafinaria Navodari | M9: Benzina Euro | O9: Vero-Nadina
A10: 11.03.23 | D10: M607VI | E10: MD0810034 | F10: 39630 | G10: 13950 | H10: 25680 | K10: -61 | L10: Rafinaria Navodari | M10: Benzina Euro | O10: Andezit
A11: 11.03.23 | D11: Y202CQ | E11: PR404934 | F11: 39550 | G11: 12510 | H11: 27040 | K11: -87 | L11: Rafinaria Navodari | M11: Benzina Euro | O11: Andezit
A13: Итого по Benzina Euro | H13: 156320 | I13: 0 | K13: На сумму | N13: В т.ч. НДС
F14: По документам | H14: 156738 | I14: 0 | K14: 0,00 | N14: 0,00
A16: Дата создания | D16: Номер | E16: Накладная | F16: Брутто | G16: Тара | H16: Получено | I16: Отпущено | K16: Разница кг | L16: Контрагент | M16: Склад | O16: Перевозчик
A17: 11.03.23 | D17: VLG210 | E17: PR404910 | F17: 39030 | G17: 12890 | H17: 26140 | K17: -74 | L17: Rafinaria Navodari | M17: Motorina ADT | O17: Andezit
A18: 11.03.23 | D18: C985AW | E18: PR405066 | F18: 39500 | G18: 12300 | H18: 27200 | K18: -80 | L18: Rafinaria Navodari | M18: Motorina ADT | O18: Andezit
A20: Итого по Motorina ADT | H20: 53340 | I20: 0 | K20: На сумму | N20: В т.ч. НДС
F21: По документам | H21: 53494 | I21: 0 | K21: 0,00 | N21: 0,00
A23: Дата создания | D23: Номер | E23: Накладная | F23: Брутто | G23: Тара | H23: Получено | I23: Отпущено | K23: Разница кг | L23: Контрагент | M23: Склад | O23: Перевозчик
A24: 11.03.23 | D24: BV54LKT | F24: 39800 | G24: 11770 | H24: 28030 | K24: -102 | L24: Rafinaria Navodari | M24: Motorina Euro | O24: LCT
A25: 11.03.23 | D25: C818RB | E25: AAO1574272 | F25: 38600 | G25: 12070 | H25: 26530 | K25: -30 | L25: Giurgiulesti | M25: Motorina Euro | O25: Andezit
A26: 11.03.23 | D26: T289NJ | E26: AAO1574273 | F26: 39650 | G26: 13600 | H26: 26050 | K26: -67 | L26: Giurgiulesti | M26: Motorina Euro | O26: Andezit
A27: 11.03.23 | D27: H119TZ | E27: PR404969 | F27: 39630 | G27: 12710 | H27: 26920 | K27: -50 | L27: Rafinaria Navodari | M27: Motorina Euro | O27: Andezit
A28: 11.03.23 | D28: C823AW | E28: AAO1574275 | F28: 39460 | G28: 13330 | H28: 26130 | K28: -55 | L28: Giurgiulesti | M28: Motorina Euro | O28: Andezit
A29: 11.03.23 | D29: NSAA982 | E29: AAO1574270 | F29: 41120 | G29: 15230 | H29: 25890 | K29: -77 | L29: Giurgiulesti | M29: Motorina Euro | O29: Vero-Nadina
A30: 11.03.23 | D30: I870WW | E30: AAO1574279 | F30: 39280 | G30: 12770 | H30: 26510 | K30: -57 | L30: Giurgiulesti | M30: Motorina Euro | O30: Vero-Nadina
A31: 11.03.23 | D31: I320WW | E31: AAO1574278 | F31: 40050 | G31: 13540 | H31: 26510 | K31: -76 | L31: Giurgiulesti | M31: Motorina Euro | O31: Vero-Nadina
A32: 11.03.23 | D32: C919RA | E32: AAO1574274 | F32: 39720 | G32: 13940 | H32: 25780 | K32: -75 | L32: Giurgiulesti | M32: Motorina Euro | O32: Andezit
A33: 11.03.23 | D33: N173TN | E33: PR404805 | F33: 39500 | G33: 13000 | H33: 26500 | K33: -62 | L33: Rafinaria Navodari | M33: Motorina Euro | O33: Andezit
A34: 11.03.23 | D34: BV95LKT | F34: 39540 | G34: 11730 | H34: 27810 | K34: -74 | L34: Rafinaria Navodari | M34: Motorina Euro | O34: LCT
A35: 11.03.23 | D35: I289WW | E35: AAO1574276 | F35: 39020 | G35: 13330 | H35: 25690 | K35: -38 | L35: Giurgiulesti | M35: Motorina Euro | O35: Vero-Nadina
A36: 11.03.23 | D36: E385RS | E36: PR405061 | F36: 39120 | G36: 13350 | H36: 25770 | K36: -93 | L36: Rafinaria Navodari | M36: Motorina Euro | O36: Andezit
A37: 11.03.23 | D37: VLG212 | E37: PR405067 | F37: 39370 | G37: 13780 | H37: 25590 | K37: -78 | L37: Rafinaria Navodari | M37: Motorina Euro | O37: Andezit
A38: 11.03.23 | D38: NSAA703 | E38: AAO1574277 | F38: 40270 | G38: 13760 | H38: 26510 | K38: -71 | L38: Giurgiulesti | M38: Motorina Euro | O38: Vero-Nadina
A39: 11.03.23 | D39: I855WW | E39: MD0844692 | F39: 39100 | G39: 13000 | H39: 26100 | K39: -69 | L39: Rafinaria Navodari | M39: Motorina Euro | O39: Vero-Nadina
A40: 11.03.23 | D40: M212RZ | E40: MD0808270 | F40: 39670 | G40: 12300 | H40: 27370 | K40: -65 | L40: Rafinaria Navodari | M40: Motorina Euro | O40: Vero-Nadina
A42: Итого по Motorina Euro | H42: 449690 | I42: 0 | K42: На сумму | N42: В т.ч. НДС
F43: По документам | H43: 450829 | I43: 0 | K43: 0,00 | N43: 0,00
A45: Дата создания | D45: Номер | E45: Накладная | F45: Брутто | G45: Тара | H45: Получено | I45: Отпущено | K45: Разница кг | L45: Контрагент | M45: Склад | O45: Перевозчик
A46: 11.03.23 | D46: BV87LKT | F46: 40190 | G46: 12470 | H46: 27720 | K46: -100 | L46: Rafinaria Navodari | M46: Motorina S55 | O46: LCT
A47: 11.03.23 | D47: BV92LKT | F47: 40100 | G47: 11860 | H47: 28240 | K47: -78 | L47: Rafinaria Navodari | M47: Motorina S55 | O47: LCT
A49: Итого по Motorina S55 | H49: 55960 | I49: 0 | K49: На сумму | N49: В т.ч. НДС
F50: По документам | H50: 56138 | I50: 0 | K50: 0,00 | N50: 0,00
A52: Дата создания | D52: Номер | E52: Накладная | F52: Брутто | G52: Тара | H52: Получено | I52: Отпущено | K52: Разница кг | L52: Контрагент | M52: Склад | O52: Перевозчик
A53: 11.03.23 | D53: A014AB | E53: AAE7651630 | F53: 39520 | G53: 13370 | I53: 26150 | K53: -52 | L53: Depozit Chisinau | M53: Diferite | O53: Andezit
A54: 11.03.23 | D54: NSAR887 | E54: AAE7651449 | F54: 32200 | G54: 13250 | I54: 18950 | K54: -5 | L54: Depozit Chisinau | M54: Diferite | O54: Vero-Nadina
A55: 11.03.23 | D55: V189LG | E55: AAE7651631 | F55: 39150 | G55: 13430 | I55: 25720 | K55: -37 | L55: Depozit Chisinau | M55: Diferite | O55: Andezit
A56: 11.03.23 | D56: V203LG | E56: AAE7651634 | F56: 38380 | G56: 13430 | I56: 24950 | K56: -30 | L56: Depozit Chisinau | M56: Diferite | O56: Andezit
A57: 11.03.23 | D57: IEV867 | E57: AAE7651635 | F57: 24910 | G57: 10440 | I57: 14470 | K57: -14 | L57: Depozit Chisinau | M57: Diferite | O57: Andezit
A58: 11.03.23 | D58: NSAB055 | E58: AAE7651636 | F58: 39810 | G58: 13400 | I58: 26410 | K58: -47 | L58: Depozit Chisinau | M58: Diferite | O58: Vero-Nadina
A59: 11.03.23 | D59: A331AB | E59: AAE7651638 | F59: 37520 | G59: 13050 | I59: 24470 | K59: -50 | L59: Depozit Chisinau | M59: Diferite | O59: Vero-Nadina
A60: 11.03.23 | D60: NSAB041 | E60: AAE7651639 | F60: 39960 | G60: 13670 | I60: 26290 | K60: -28 | L60: Depozit Chisinau | M60: Diferite | O60: Vero-Nadina
A61: 11.03.23 | D61: A012AB | E61: AAE7651641 | F61: 39460 | G61: 13560 | I61: 25900 | K61: -27 | L61: Depozit Chisinau | M61: Diferite | O61: Andezit
A62: 11.03.23 | D62: I854WW | E62: AAE7651640 | F62: 39740 | G62: 13470 | I62: 26270 | K62: -22 | L62: Depozit Chisinau | M62: Diferite | O62: Vero-Nadina
A64: создан 11.03.23 в 16:39:57 | J64: стр. 1 из 2
A66: 11.03.23 | D66: V193LG | E66: AAE7651642 | F66: 39630 | G66: 13930 | I66: 25700 | K66: -39 | L66: Depozit Chisinau | M66: Diferite | O66: Andezit
A67: 11.03.23 | D67: X199XC | E67: AAE7651645 | F67: 38930 | G67: 13440 | I67: 25490 | K67: -38 | L67: Depozit Chisinau | M67: Diferite | O67: Andezit
A68: 11.03.23 | D68: NSAA982 | E68: AAE7651646 | F68: 39400 | G68: 15230 | I68: 24170 | K68: -46 | L68: Depozit Chisinau | M68: Diferite | O68: Vero-Nadina
A69: 11.03.23 | D69: I870WW | E69: AAE7651648 | F69: 37950 | G69: 12770 | I69: 25180 | K69: -21 | L69: Depozit Chisinau | M69: Diferite | O69: Vero-Nadina
A70: 11.03.23 | D70: I320WW | E70: AAE7651649 | F70: 38340 | G70: 13540 | I70: 24800 | K70: -52 | L70: Depozit Chisinau | M70: Diferite | O70: Vero-Nadina
A71: 11.03.23 | D71: U026TQ | E71: AAE7651650 | F71: 38810 | G71: 12880 | I71: 25930 | K71: -39 | L71: Depozit Chisinau | M71: Diferite | O71: Andezit
A72: 11.03.23 | D72: I175WW | E72: AAE7651651 | F72: 40910 | G72: 13550 | I72: 27360 | K72: -41 | L72: Depozit Chisinau | M72: Diferite | O72: Vero-Nadina
A73: 11.03.23 | D73: A014AB | E73: AAE7651653 | F73: 39120 | G73: 13360 | I73: 25760 | K73: -39 | L73: Depozit Chisinau | M73: Diferite | O73: Andezit
A74: 11.03.23 | D74: V189LG | E74: AAE7651654 | F74: 39110 | G74: 13420 | I74: 25690 | K74: -37 | L74: Depozit Chisinau | M74: Diferite | O74: Andezit
A75: 11.03.23 | D75: A331AB | E75: AAE7651656 | F75: 38370 | G75: 13060 | I75: 25310 | K75: -35 | L75: Depozit Chisinau | M75: Diferite | O75: Vero-Nadina
A76: 11.03.23 | D76: NSAR887 | E76: AAE7651658 | F76: 32970 | G76: 13230 | I76: 19740 | K76: -17 | L76: Depozit Chisinau | M76: Diferite | O76: Vero-Nadina
A77: 11.03.23 | D77: V203LG | E77: AAE7651659 | F77: 38360 | G77: 13430 | I77: 24930 | K77: -39 | L77: Depozit Chisinau | M77: Diferite | O77: Andezit
A79: Итого по Diferite | H79: 0 | I79: 539640 | K79: На сумму | N79: В т.ч. НДС
F80: По документам | H80: 0 | I80: 540395 | K80: 0,00 | N80: 0,00
A83: создан 11.03.23 в 16:39:57 | J83: стр. 2 из 2

Sheet Весы 02.11.2023
A1: Шаблон отчета с группировкой по складам
A3: за период по контрагенту по перевозчику по материалу по складу по транспорту по направлению | C3: 02.11.2023-02.11.2023 <ВСЕ> <ВСЕ> <ВСЕ> <ВСЕ> <ВСЕ> <Любое>
A5: Дата создания | D5: Номер | E5: Накладная | F5: Брутто | G5: Тара | H5: Получено | I5: Отпущено | K5: Разница кг | L5: Контрагент | M5: Склад | O5: Перевозчик
A6: 11.02.23 | D6: I957WW | E6: PR404967 | F6: 39400 | G6: 13360 | H6: 26040 | K6: -113 | L6: Rafinaria Navodari | M6: Benzina ADT | O6: Andezit
A7: 11.02.23 | D7: U025TQ | E7: PR404840 | F7: 40040 | G7: 13500 | H7: 26540 | K7: -150 | L7: Rafinaria Navodari | M7: Benzina ADT | O7: Andezit
A9: Итого по Benzina ADT | H9: 52580 | I9: 0 | K9: На сумму | N9: В т.ч. НДС
F10: По документам | H10: 52843 | I10: 0 | K10: 0,00 | N10: 0,00
A12: Дата создания | D12: Номер | E12: Накладная | F12: Брутто | G12: Тара | H12: Получено | I12: Отпущено | K12: Разница кг | L12: Контрагент | M12: Склад | O12: Перевозчик
A13: 11.02.23 | D13: C823AW | E13: PR405034 | F13: 39410 | G13: 13110 | H13: 26300 | K13: -68 | L13: Rafinaria Navodari | M13: Benzina Euro | O13: Andezit
A14: 11.02.23 | D14: T289NJ | E14: PR388986 | F14: 39640 | G14: 13640 | H14: 26000 | K14: -86 | L14: Rafinaria Navodari | M14: Benzina Euro | O14: Andezit
A15: 11.02.23 | D15: T521NJ | E15: PR405017 | F15: 39290 | G15: 13180 | H15: 26110 | K15: -79 | L15: Rafinaria Navodari | M15: Benzina Euro | O15: Andezit
A17: Итого по Benzina Euro | H17: 78410 | I17: 0 | K17: На сумму | N17: В т.ч. НДС
F18: По документам | H18: 78643 | I18: 0 | K18: 0,00 | N18: 0,00
A20: Дата создания | D20: Номер | E20: Накладная | F20: Брутто | G20: Тара | H20: Получено | I20: Отпущено | K20: Разница кг | L20: Контрагент | M20: Склад | O20: Перевозчик
A21: 11.02.23 | D21: M531RZ | E21: MD0808368 | F21: 40110 | G21: 12960 | H21: 27150 | K21: -87 | L21: Rafinaria Navodari | M21: Motorina ADT | O21: Vero-Nadina
A22: 11.02.23 | D22: I967WW | E22: PR405033 | F22: 39130 | G22: 13270 | H22: 25860 | K22: -45 | L22: Rafinaria Navodari | M22: Motorina ADT | O22: Andezit
A23: 11.02.23 | D23: M673VI | E23: PR405018 | F23: 39360 | G23: 12770 | H23: 26590 | K23: -95 | L23: Rafinaria Navodari | M23: Motorina ADT | O23: Andezit
A24: 11.02.23 | D24: O911FC | E24: MD0844643 | F24: 39880 | G24: 12880 | H24: 27000 | K24: -99 | L24: Rafinaria Navodari | M24: Motorina ADT | O24: Vero-Nadina
A26: Итого по Motorina ADT | H26: 106600 | I26: 0 | K26: На сумму | N26: В т.ч. НДС
F27: По документам | H27: 106926 | I27: 0 | K27: 0,00 | N27: 0,00
A29: Дата создания | D29: Номер | E29: Накладная | F29: Брутто | G29: Тара | H29: Получено | I29: Отпущено | K29: Разница кг | L29: Контрагент | M29: Склад | O29: Перевозчик
A30: 11.02.23 | D30: C919RA | E30: AAO1574264 | F30: 39360 | G30: 13630 | H30: 25730 | K30: -40 | L30: Giurgiulesti | M30: Motorina Euro | O30: Andezit
A31: 11.02.23 | D31: C818RB | E31: AAO1574265 | F31: 38730 | G31: 12180 | H31: 26550 | K31: -5 | L31: Giurgiulesti | M31: Motorina Euro | O31: Andezit
A32: 11.02.23 | D32: N974TN | E32: AAO1574266 | F32: 39910 | G32: 12630 | H32: 27280 | K32: -43 | L32: Giurgiulesti | M32: Motorina Euro | O32: Vero-Nadina
A33: 11.02.23 | D33: I289WW | E33: AAO1574267 | F33: 39040 | G33: 13460 | H33: 25580 | K33: -68 | L33: Giurgiulesti | M33: Motorina Euro | O33: Vero-Nadina
A34: 11.02.23 | D34: A098AB | E34: AAO1574269 | F34: 40130 | G34: 13690 | H34: 26440 | K34: -52 | L34: Giurgiulesti | M34: Motorina Euro | O34: Vero-Nadina
A35: 11.02.23 | D35: NSAA703 | E35: AAO1574268 | F35: 40200 | G35: 13740 | H35: 26460 | K35: -50 | L35: Giurgiulesti | M35: Motorina Euro | O35: Vero-Nadina
A36: 11.02.23 | D36: V774LG | E36: PR404946 | F36: 39670 | G36: 12650 | H36: 27020 | K36: -76 | L36: Rafinaria Navodari | M36: Motorina Euro | O36: Andezit
A37: 11.02.23 | D37: I175WW | E37: AAO1574271 | F37: 40620 | G37: 13530 | H37: 27090 | K37: -102 | L37: Giurgiulesti | M37: Motorina Euro | O37: Vero-Nadina
A38: 11.02.23 | D38: V779LG | E38: PR405015 | F38: 39630 | G38: 12970 | H38: 26660 | K38: -61 | L38: Rafinaria Navodari | M38: Motorina Euro | O38: Andezit
A39: 11.02.23 | D39: NSAA984 | E39: PR0678048 | F39: 39320 | G39: 13650 | H39: 25670 | K39: -170 | L39: Rafinaria Navodari | M39: Motorina Euro | O39: Vero-Nadina
A40: 11.02.23 | D40: X056XC | E40: MD0809597 | F40: 39950 | G40: 13500 | H40: 26450 | K40: -63 | L40: Rafinaria Navodari | M40: Motorina Euro | O40: Vero-Nadina
A41: 11.02.23 | D41: H120TZ | E41: PR405040 | F41: 39430 | G41: 12730 | H41: 26700 | K41: -67 | L41: Rafinaria Navodari | M41: Motorina Euro | O41: Andezit
A42: 11.02.23 | D42: BV94LKT | F42: 39460 | G42: 11540 | H42: 27920 | K42: -102 | L42: Rafinaria Navodari | M42: Motorina Euro | O42: LCT
A44: Итого по Motorina Euro | H44: 345550 | I44: 0 | K44: На сумму | N44: В т.ч. НДС
F45: По документам | H45: 346449 | I45: 0 | K45: 0,00 | N45: 0,00
A47: Дата создания | D47: Номер | E47: Накладная | F47: Брутто | G47: Тара | H47: Получено | I47: Отпущено | K47: Разница кг | L47: Контрагент | M47: Склад | O47: Перевозчик
A48: 11.02.23 | D48: V193LG | E48: AAE7651568 | F48: 38300 | G48: 13930 | I48: 24370 | K48: -1 | L48: Depozit Chisinau | M48: Diferite | O48: Andezit
A49: 11.02.23 | D49: NSAB041 | E49: AAE7651565 | F49: 39140 | G49: 13560 | I49: 25580 | K49: -38 | L49: Depozit Chisinau | M49: Diferite | O49: Vero-Nadina
A50: 11.02.23 | D50: A014AB | E50: AAE7651566.7 | F50: 39660 | G50: 13040 | I50: 26620 | K50: -33 | L50: Depozit Chisinau | M50: Diferite | O50: Andezit
A51: 11.02.23 | D51: NSAR887 | E51: AAE7651569 | F51: 32830 | G51: 13250 | I51: 19580 | K51: -9 | L51: Depozit Chisinau | M51: Diferite | O51: Vero-Nadina
A52: 11.02.23 | D52: A012AB | E52: AAE7651590 | F52: 38840 | G52: 13590 | I52: 25250 | K52: -47 | L52: Depozit Chisinau | M52: Diferite | O52: Andezit
A53: 11.02.23 | D53: A331AB | E53: AAE7651598.9 | F53: 38880 | G53: 13190 | I53: 25690 | K53: -19 | L53: Depozit Chisinau | M53: Diferite | O53: Vero-Nadina
A54: 11.02.23 | D54: V189LG | E54: AAE7651610 | F54: 37630 | G54: 13420 | I54: 24210 | K54: -31 | L54: Depozit Chisinau | M54: Diferite | O54: Andezit
A55: 11.02.23 | D55: V203LG | E55: AAE7651611 | F55: 38360 | G55: 13430 | I55: 24930 | K55: -20 | L55: Depozit Chisinau | M55: Diferite | O55: Andezit
A56: 11.02.23 | D56: NSAB055 | E56: AAE7651612 | F56: 40030 | G56: 13510 | I56: 26520 | K56: -43 | L56: Depozit Chisinau | M56: Diferite | O56: Vero-Nadina
A57: 11.02.23 | D57: X199XC | E57: AAE7651615.6 | F57: 38280 | G57: 13540 | I57: 24740 | K57: -20 | L57: Depozit Chisinau | M57: Diferite | O57: Andezit
A58: 11.02.23 | D58: NSAA703 | E58: AAE7651613 | F58: 39340 | G58: 13740 | I58: 25600 | K58: -26 | L58: Depozit Chisinau | M58: Diferite | O58: Vero-Nadina
A59: 11.02.23 | D59: I854WW | E59: AAE7651617 | F59: 40026 | G59: 13310 | I59: 26716 | K59: -18 | L59: Depozit Chisinau | M59: Diferite | O59: Vero-Nadina
... A62: 11.02.23 | D62: I870WW | E62: AAE7651620.1 | F62: 38730 | G62: 12820 | I62: 25910 | K62: -38 | L62: Depozit Chisinau | M62: Diferite | O62: Vero-Nadina
A64: создан 11.02.23 в 18:18:00 | J64: стр. 1 из 2
A66: 11.02.23 | D66: NSAB041 | E66: AAE7651619 | F66: 39290 | G66: 13510 | I66: 25780 | K66: -28 | L66: Depozit Chisinau | M66: Diferite | O66: Vero-Nadina
A67: 11.02.23 | D67: V193LG | E67: AAE7651622 | F67: 38390 | G67: 13970 | I67: 24420 | K67: -43 | L67: Depozit Chisinau | M67: Diferite | O67: Andezit
A68: 11.02.23 | D68: A014AB | E68: AAE7651623 | F68: 39130 | G68: 13370 | I68: 25760 | K68: -39 | L68: Depozit Chisinau | M68: Diferite | O68: Andezit
A69: 11.02.23 | D69: V189LG | E69: AAE7651624 | F69: 38440 | G69: 13400 | I69: 25040 | K69: -4 | L69: Depozit Chisinau | M69: Diferite | O69: Andezit
A70: 11.02.23 | D70: NSAR887 | E70: AAE7651625 | F70: 32770 | G70: 13220 | I70: 19550 | K70: -24 | L70: Depozit Chisinau | M70: Diferite | O70: Vero-Nadina
A71: 11.02.23 | D71: V203LG | E71: AAE7651626 | F71: 37760 | G71: 13440 | I71: 24320 | K71: -15 | L71: Depozit Chisinau | M71: Diferite | O71: Andezit
A73: Итого по Diferite | H73: 0 | I73: 522306 | K73: На сумму | N73: В т.ч. НДС
F74: По документам | H74: 0 | I74: 522867 | K74: 0,00 | N74: 0,00
A77: создан 11.02.23 в 18:18:00 | J77: стр. 2 из 2

Sheet Весы 01.11.2023
A1: Шаблон отчета с группировкой по складам
A3: за период по контрагенту по перевозчику по материалу по складу по транспорту по направлению | C3: 01.11.2023-01.11.2023 <ВСЕ> <ВСЕ> <ВСЕ> <ВСЕ> <ВСЕ> <Любое>
A5: Дата создания | D5: Номер | E5: Накладная | F5: Брутто | G5: Тара | H5: Получено | I5: Отпущено | K5: Разница кг | L5: Контрагент | M5: Склад | O5: Перевозчик
A6: 11.01.23 | D6: K015ZJ | E6: PR405009 | F6: 39430 | G6: 13180 | H6: 26250 | K6: -71 | L6: Rafinaria Navodari | M6: Benzina ADT | O6: Andezit
A7: 11.01.23 | D7: C922RA | E7: PR405012 | F7: 39220 | G7: 13640 | H7: 25580 | K7: -95 | L7: Rafinaria Navodari | M7: Benzina ADT | O7: Andezit
A8: 11.01.23 | D8: X360XC | E8: MD0809391 | F8: 39460 | G8: 13350 | H8: 26110 | K8: -98 | L8: Rafinaria Navodari | M8: Benzina ADT | O8: Vero-Nadina
A9: 11.01.23 | D9: M170VI | E9: MD0844613 | F9: 39940 | G9: 14260 | H9: 25680 | K9: -81 | L9: Rafinaria Navodari | M9: Benzina ADT | O9: Vero-Nadina
A11: Итого по Benzina ADT | H11: 103620 | I11: 0 | K11: На сумму | N11: В т.ч. НДС
F12: По документам | H12: 103965 | I12: 0 | K12: 0,00 | N12: 0,00
A14: Дата создания | D14: Номер | E14: Накладная | F14: Брутто | G14: Тара | H14: Получено | I14: Отпущено | K14: Разница кг | L14: Контрагент | M14: Склад | O14: Перевозчик
A15: 11.01.23 | D15: V778LG | E15: PR404911 | F15: 39610 | G15: 13460 | H15: 26150 | K15: -96 | L15: Rafinaria Navodari | M15: Benzina Euro | O15: Andezit
A16: 11.01.23 | D16: T514NJ | E16: PR404990 | F16: 39260 | G16: 13220 | H16: 26040 | K16: -90 | L16: Rafinaria Navodari | M16: Benzina Euro | O16: Andezit
A17: 11.01.23 | D17: VLG210 | E17: PR404996 | F17: 39020 | G17: 12800 | H17: 26220 | K17: -86 | L17: Rafinaria Navodari | M17: Benzina Euro | O17: Andezit
A18: 11.01.23 | D18: Y367CQ | E18: PR405010 | F18: 39240 | G18: 12620 | H18: 26620 | K18: -143 | L18: Rafinaria Navodari | M18: Benzina Euro | O18: Andezit
A19: 11.01.23 | D19: H917TZ | E19: PR404982 | F19: 39490 | G19: 12920 | H19: 26570 | K19: -88 | L19: Rafinaria Navodari | M19: Benzina Euro | O19: Andezit
A20: 11.01.23 | D20: E385RS | E20: PR404995 | F20: 38850 | G20: 13260 | H20: 25590 | K20: -62 | L20: Rafinaria Navodari | M20: Benzina Euro | O20: Andezit
A21: 11.01.23 | D21: I856WW | E21: MD0844774 | F21: 39440 | G21: 12950 | H21: 26490 | K21: -158 | L21: Rafinaria Navodari | M21: Benzina Euro | O21: Vero-Nadina
A22: 11.01.23 | D22: I855WW | E22: MD0844691 | F22: 39340 | G22: 13180 | H22: 26160 | K22: -98 | L22: Rafinaria Navodari | M22: Benzina Euro | O22: Vero-Nadina
A24: Итого по Benzina Euro | H24: 209840 | I24: 0 | K24: На сумму | N24: В т.ч. НДС
F25: По документам | H25: 210661 | I25: 0 | K25: 0,00 | N25: 0,00
A27: Дата создания | D27: Номер | E27: Накладная | F27: Брутто | G27: Тара | H27: Получено | I27: Отпущено | K27: Разница кг | L27: Контрагент | M27: Склад | O27: Перевозчик
A28: 11.01.23 | D28: BV92LKT | F28: 39920 | G28: 11870 | H28: 28050 | K28: -108 | L28: Rafinaria Navodari | M28: Motorina ADT | O28: LCT
A29: 11.01.23 | D29: Y202CQ | E29: PR404999 | F29: 39540 | G29: 12430 | H29: 27110 | K29: -54 | L29: Rafinaria Navodari | M29: Motorina ADT | O29: Andezit
A31: Итого по Motorina ADT | H31: 55160 | I31: 0 | K31: На сумму | N31: В т.ч. НДС
F32: По документам | H32: 55322 | I32: 0 | K32: 0,00 | N32: 0,00
A34: Дата создания | D34: Номер | E34: Накладная | F34: Брутто | G34: Тара | H34: Получено | I34: Отпущено | K34: Разница кг | L34: Контрагент | M34: Склад | O34: Перевозчик
A35: 11.01.23 | D35: E607RR | E35: AAO1574259 | F35: 39220 | G35: 14350 | H35: 24870 | K35: -60 | L35: Giurgiulesti | M35: Motorina Euro | O35: Vero-Nadina
A36: 11.01.23 | D36: C919RA | E36: AAO1574261 | F36: 39770 | G36: 14070 | H36: 25700 | K36: -97 | L36: Giurgiulesti | M36: Motorina Euro | O36: Andezit
A37: 11.01.23 | D37: C818RB | E37: AAO1574260 | F37: 38720 | G37: 12350 | H37: 26370 | K37: -51 | L37: Giurgiulesti | M37: Motorina Euro | O37: Andezit
A38: 11.01.23 | D38: I289WW | E38: AAO1574262 | F38: 39120 | G38: 13530 | H38: 25590 | K38: -40 | L38: Giurgiulesti | M38: Motorina Euro | O38: Vero-Nadina
A39: 11.01.23 | D39: I521LG | E39: MD0808682 | F39: 39940 | G39: 13390 | H39: 26550 | K39: -68 | L39: Rafinaria Navodari | M39: Motorina Euro | O39: Vero-Nadina
A40: 11.01.23 | D40: Z778PT | E40: PR404916 | F40: 39540 | G40: 13130 | H40: 26410 | K40: -89 | L40: Rafinaria Navodari | M40: Motorina Euro | O40: Andezit
A41: 11.01.23 | D41: V739LG | E41: PR405026 | F41: 39220 | G41: 12790 | H41: 26430 | K41: -63 | L41: Rafinaria Navodari | M41: Motorina Euro | O41: Andezit
A42: 11.01.23 | D42: V772LG | E42: PR404613 | F42: 39480 | G42: 13260 | H42: 26220 | K42: -106 | L42: Rafinaria Navodari | M42: Motorina Euro | O42: Andezit
A43: 11.01.23 | D43: NS206AB | E43: AAO1574263 | F43: 39810 | G43: 12920 | H43: 26890 | K43: -64 | L43: Giurgiulesti | M43: Motorina Euro | O43: Vero-Nadina
A45: Итого по Motorina Euro | H45: 235030 | I45: 0 | K45: На сумму | N45: В т.ч. НДС
F46: По документам | H46: 235668 | I46: 0 | K46: 0,00 | N46: 0,00
A48: Дата создания | D48: Номер | E48: Накладная | F48: Брутто | G48: Тара | H48: Получено | I48: Отпущено | K48: Разница кг | L48: Контрагент | M48: Склад | O48: Перевозчик
A49: 11.01.23 | D49: A331AB | E49: AAE7651556 | F49: 38000 | G49: 13220 | I49: 24780 | K49: -55 | L49: Depozit Chisinau | M49: Diferite | O49: Vero-Nadina
A50: 11.01.23 | D50: NSAB055 | E50: AAE7651558 | F50: 39870 | G50: 13410 | I50: 26460 | K50: -43 | L50: Depozit Chisinau | M50: Diferite | O50: Vero-Nadina
A51: 11.01.23 | D51: NSAR887 | E51: AAE7651557 | F51: 32580 | G51: 13180 | I51: 19400 | K51: -18 | L51: Depozit Chisinau | M51: Diferite | O51: Vero-Nadina
A52: 11.01.23 | D52: X199XC | E52: AAE7651559 | F52: 38550 | G52: 13570 | I52: 24980 | K52: -37 | L52: Depozit Chisinau | M52: Diferite | O52: Andezit
A53: 11.01.23 | D53: A012AB | E53: AAE7651570 | F53: 38790 | G53: 13630 | I53: 25160 | K53: -48 | L53: Depozit Chisinau | M53: Diferite | O53: Andezit
A54: 11.01.23 | D54: NSAB041 | E54: AAE7651571 | F54: 39100 | G54: 13530 | I54: 25570 | K54: -26 | L54: Depozit Chisinau | M54: Diferite | O54: Vero-Nadina
A55: 11.01.23 | D55: I854WW | E55: AAE7651572 | F55: 39950 | G55: 13420 | I55: 26530 | K55: -45 | L55: Depozit Chisinau | M55: Diferite | O55: Vero-Nadina
A56: 11.01.23 | D56: A014AB | E56: AAE7651573 | F56: 39170 | G56: 13140 | I56: 26030 | K56: -27 | L56: Depozit Chisinau | M56: Diferite | O56: Andezit
A57: 11.01.23 | D57: I870WW | E57: AAE7651576 | F57: 39410 | G57: 12700 | I57: 26710 | K57: -18 | L57: Depozit Chisinau | M57: Diferite | O57: Vero-Nadina
A58: 11.01.23 | D58: V193LG | E58: AAE7651577 | F58: 38310 | G58: 14010 | I58: 24300 | K58: -44 | L58: Depozit Chisinau | M58: Diferite | O58: Andezit
A59: 11.01.23 | D59: NSAA982 | E59: AAE7651578 | F59: 39640 | G59: 15300 | I59: 24340 | K59: -41 | L59: Depozit Chisinau | M59: Diferite | O59: Vero-Nadina
A60: 11.01.23 | D60: V189LG | E60: AAE7651579 | F60: 38550 | G60: 13580 | I60: 24970 | K60: -32 | L60: Depozit Chisinau | M60: Diferite | O60: Andezit
... A62: 11.01.23 | D62: V203LG | E62: AAE7651582 | F62: 39090 | G62: 13550 | I62: 25540 | K62: -31 | L62: Depozit Chisinau | M62: Diferite | O62: Andezit
A64: создан 11.01.23 в 16:27:32 | J64: стр. 1 из 2
A66: 11.01.23 | D66: I175WW | E66: AAE7651583 | F66: 39610 | G66: 13620 | I66: 25990 | K66: -40 | L66: Depozit Chisinau | M66: Diferite | O66: Vero-Nadina
A67: 11.01.23 | D67: NSAR887 | E67: AAE7651584 | F67: 32320 | G67: 13180 | I67: 19140 | K67: -30 | L67: Depozit Chisinau | M67: Diferite | O67: Vero-Nadina
A68: 11.01.23 | D68: A331AB | E68: AAE7651585 | F68: 38050 | G68: 13210 | I68: 24840 | K68: -37 | L68: Depozit Chisinau | M68: Diferite | O68: Vero-Nadina
A69: 11.01.23 | D69: X199XC | E69: AAE7651586 | F69: 38580 | G69: 13550 | I69: 25030 | K69: -33 | L69: Depozit Chisinau | M69: Diferite | O69: Andezit
A70: 11.01.23 | D70: NSAB041 | E70: AAE7651587 | F70: 40330 | G70: 13540 | I70: 26790 | K70: -40 | L70: Depozit Chisinau | M70: Diferite | O70: Vero-Nadina
A71: 11.01.23 | D71: A012AB | E71: AAE7651588 | F71: 39470 | G71: 13610 | I71: 25860 | K71: -18 | L71: Depozit Chisinau | M71: Diferite | O71: Andezit
A72: 11.01.23 | D72: V193LG | E72: AAE7651589 | F72: 39000 | G72: 14010 | I72: 24990 | K72: -33 | L72: Depozit Chisinau | M72: Diferite | O72: Andezit
A73: 11.01.23 | D73: NSAB055 | F73: 38910 | G73: 13390 | I73: 25520 | K73: -43 | L73: Depozit Chisinau | M73: Diferite | O73: Vero-Nadina
A74: 11.01.23 | D74: NSAR887 | F74: 32610 | G74: 13150 | I74: 19460 | K74: -4 | L74: Depozit Chisinau | M74: Diferite | O74: Vero-Nadina
A76: Итого по Diferite | H76: 0 | I76: 568420 | K76: На сумму | N76: В т.ч. НДС
F77: По документам | H77: 0 | I77: 569212 | K77: 0,00 | N77: 0,00
A80: создан 11.01.23 в 16:27:32 | J80: стр. 2 из 2
